store_id,sku_id,avg_daily_demand,demand_std_dev,lead_time_days,service_level_target,safety_stock,reorder_point,recommended_order_qty
ST001,SKU0001,0.0,0.0,7,0.92,0.0,0.0,0.0
ST001,SKU0002,0.0,0.0,7,0.92,0.0,0.0,0.0
ST001,SKU0003,0.0,0.0,7,0.92,0.0,0.0,0.0
ST001,SKU0004,0.0,0.0,7,0.92,0.0,0.0,0.0
ST001,SKU0005,0.0,0.0,7,0.92,0.0,0.0,0.0
ST001,SKU0006,0.0,0.0,7,0.92,0.0,0.0,0.0
ST001,SKU0007,0.0,0.0,7,0.92,0.0,0.0,0.0
ST001,SKU0008,0.0,0.0,7,0.92,0.0,0.0,0.0
ST001,SKU0009,0.0,0.0,7,0.92,0.0,0.0,0.0
ST001,SKU0010,0.0,0.0,7,0.92,0.0,0.0,0.0
ST001,SKU0011,0.0,0.0,7,0.92,0.0,0.0,0.0
ST001,SKU0012,0.0,0.0,7,0.92,0.0,0.0,0.0
ST001,SKU0013,0.0,0.0,7,0.92,0.0,0.0,0.0
ST001,SKU0014,0.0,0.0,7,0.92,0.0,0.0,0.0
ST001,SKU0015,0.0,0.0,7,0.92,0.0,0.0,0.0
ST001,SKU0016,0.0,0.0,7,0.92,0.0,0.0,0.0
ST001,SKU0017,0.0,0.0,7,0.92,0.0,0.0,0.0
ST001,SKU0018,0.0,0.0,7,0.92,0.0,0.0,0.0
ST001,SKU0019,0.0,0.0,7,0.9,0.0,0.0,0.0
ST001,SKU0020,0.0,0.0,7,0.92,0.0,0.0,0.0
ST001,SKU0021,0.0,0.0,7,0.92,0.0,0.0,0.0
ST001,SKU0022,0.0,0.0,7,0.92,0.0,0.0,0.0
ST001,SKU0023,0.0,0.0,7,0.92,0.0,0.0,0.0
ST001,SKU0024,0.0,0.0,7,0.92,0.0,0.0,0.0
ST001,SKU0025,0.0,0.0,7,0.92,0.0,0.0,0.0
ST001,SKU0026,0.0,0.0,7,0.92,0.0,0.0,0.0
ST001,SKU0027,0.0,0.0,7,0.92,0.0,0.0,0.0
ST001,SKU0028,0.0,0.0,7,0.92,0.0,0.0,0.0
ST001,SKU0029,0.0,0.0,7,0.92,0.0,0.0,0.0
ST001,SKU0030,0.0,0.0,7,0.92,0.0,0.0,0.0
ST001,SKU0031,0.0,0.0,7,0.92,0.0,0.0,0.0
ST001,SKU0032,0.0,0.0,7,0.92,0.0,0.0,0.0
ST001,SKU0033,0.0,0.0,7,0.9,0.0,0.0,0.0
ST001,SKU0034,0.0,0.0,7,0.92,0.0,0.0,0.0
ST001,SKU0035,0.0,0.0,7,0.92,0.0,0.0,0.0
ST001,SKU0036,0.0,0.0,7,0.9,0.0,0.0,0.0
ST001,SKU0037,0.0,0.0,7,0.92,0.0,0.0,0.0
ST001,SKU0038,0.0,0.0,7,0.9,0.0,0.0,0.0
ST001,SKU0039,0.0,0.0,7,0.92,0.0,0.0,0.0
ST001,SKU0040,0.0,0.0,7,0.92,0.0,0.0,0.0
ST001,SKU0041,0.0,0.0,7,0.92,0.0,0.0,0.0
ST001,SKU0042,0.0,0.0,7,0.92,0.0,0.0,0.0
ST001,SKU0043,0.0,0.0,7,0.92,0.0,0.0,0.0
ST001,SKU0044,0.0,0.0,7,0.9,0.0,0.0,0.0
ST001,SKU0045,0.0,0.0,7,0.92,0.0,0.0,0.0
ST001,SKU0046,0.0,0.0,7,0.92,0.0,0.0,0.0
ST001,SKU0047,0.0,0.0,7,0.92,0.0,0.0,0.0
ST001,SKU0048,0.0,0.0,7,0.9,0.0,0.0,0.0
ST001,SKU0049,0.0,0.0,7,0.92,0.0,0.0,0.0
ST001,SKU0050,0.0,0.0,7,0.92,0.0,0.0,0.0
ST001,SKU0051,0.0,0.0,7,0.9,0.0,0.0,0.0
ST001,SKU0052,0.0,0.0,7,0.92,0.0,0.0,0.0
ST001,SKU0053,0.0,0.0,7,0.92,0.0,0.0,0.0
ST001,SKU0054,0.0,0.0,7,0.92,0.0,0.0,0.0
ST001,SKU0055,0.0,0.0,7,0.9,0.0,0.0,0.0
ST001,SKU0056,0.0,0.0,7,0.92,0.0,0.0,0.0
ST001,SKU0057,0.0,0.0,7,0.92,0.0,0.0,0.0
ST001,SKU0058,0.0,0.0,7,0.92,0.0,0.0,0.0
ST001,SKU0059,0.0,0.0,7,0.92,0.0,0.0,0.0
ST001,SKU0060,0.0,0.0,7,0.9,0.0,0.0,0.0
ST001,SKU0061,0.0,0.0,7,0.92,0.0,0.0,0.0
ST001,SKU0062,0.0,0.0,7,0.9,0.0,0.0,0.0
ST001,SKU0063,0.0,0.0,7,0.92,0.0,0.0,0.0
ST001,SKU0064,0.0,0.0,7,0.92,0.0,0.0,0.0
ST001,SKU0065,0.0,0.0,7,0.92,0.0,0.0,0.0
ST001,SKU0066,0.0,0.0,7,0.92,0.0,0.0,0.0
ST001,SKU0067,0.0,0.0,7,0.92,0.0,0.0,0.0
ST001,SKU0068,0.0,0.0,7,0.92,0.0,0.0,0.0
ST001,SKU0069,0.0,0.0,7,0.9,0.0,0.0,0.0
ST001,SKU0070,0.0,0.0,7,0.92,0.0,0.0,0.0
ST001,SKU0071,0.0,0.0,7,0.9,0.0,0.0,0.0
ST001,SKU0072,0.0,0.0,7,0.92,0.0,0.0,0.0
ST001,SKU0073,0.0,0.0,7,0.92,0.0,0.0,0.0
ST001,SKU0074,0.0,0.0,7,0.9,0.0,0.0,0.0
ST001,SKU0075,0.0,0.0,7,0.92,0.0,0.0,0.0
ST001,SKU0076,0.0,0.0,7,0.92,0.0,0.0,0.0
ST001,SKU0077,0.0,0.0,7,0.9,0.0,0.0,0.0
ST001,SKU0078,0.0,0.0,7,0.92,0.0,0.0,0.0
ST001,SKU0079,0.0,0.0,7,0.92,0.0,0.0,0.0
ST001,SKU0080,0.0,0.0,7,0.92,0.0,0.0,0.0
ST001,SKU0081,0.0,0.0,7,0.92,0.0,0.0,0.0
ST001,SKU0082,0.0,0.0,7,0.9,0.0,0.0,0.0
ST001,SKU0083,0.0,0.0,7,0.92,0.0,0.0,0.0
ST001,SKU0084,0.0,0.0,7,0.92,0.0,0.0,0.0
ST001,SKU0085,0.0,0.0,7,0.9,0.0,0.0,0.0
ST001,SKU0086,0.0,0.0,7,0.92,0.0,0.0,0.0
ST001,SKU0087,0.0,0.0,7,0.92,0.0,0.0,0.0
ST001,SKU0088,0.0,0.0,7,0.92,0.0,0.0,0.0
ST001,SKU0089,0.0,0.0,7,0.92,0.0,0.0,0.0
ST001,SKU0090,0.0,0.0,7,0.92,0.0,0.0,0.0
ST002,SKU0001,0.0,0.0,7,0.92,0.0,0.0,0.0
ST002,SKU0002,0.0,0.0,7,0.92,0.0,0.0,0.0
ST002,SKU0003,0.0,0.0,7,0.92,0.0,0.0,0.0
ST002,SKU0004,0.0,0.0,7,0.92,0.0,0.0,0.0
ST002,SKU0005,0.0,0.0,7,0.92,0.0,0.0,0.0
ST002,SKU0006,0.0,0.0,7,0.92,0.0,0.0,0.0
ST002,SKU0007,0.0,0.0,7,0.92,0.0,0.0,0.0
ST002,SKU0008,0.0,0.0,7,0.92,0.0,0.0,0.0
ST002,SKU0009,0.0,0.0,7,0.92,0.0,0.0,0.0
ST002,SKU0010,0.0,0.0,7,0.92,0.0,0.0,0.0
ST002,SKU0011,0.0,0.0,7,0.92,0.0,0.0,0.0
ST002,SKU0012,0.0,0.0,7,0.92,0.0,0.0,0.0
ST002,SKU0013,0.0,0.0,7,0.92,0.0,0.0,0.0
ST002,SKU0014,0.0,0.0,7,0.92,0.0,0.0,0.0
ST002,SKU0015,0.0,0.0,7,0.92,0.0,0.0,0.0
ST002,SKU0016,0.0,0.0,7,0.92,0.0,0.0,0.0
ST002,SKU0017,0.0,0.0,7,0.92,0.0,0.0,0.0
ST002,SKU0018,0.0,0.0,7,0.92,0.0,0.0,0.0
ST002,SKU0019,0.0,0.0,7,0.9,0.0,0.0,0.0
ST002,SKU0020,0.0,0.0,7,0.92,0.0,0.0,0.0
ST002,SKU0021,0.0,0.0,7,0.92,0.0,0.0,0.0
ST002,SKU0022,0.0,0.0,7,0.92,0.0,0.0,0.0
ST002,SKU0023,0.0,0.0,7,0.92,0.0,0.0,0.0
ST002,SKU0024,0.0,0.0,7,0.92,0.0,0.0,0.0
ST002,SKU0025,0.0,0.0,7,0.92,0.0,0.0,0.0
ST002,SKU0026,0.0,0.0,7,0.92,0.0,0.0,0.0
ST002,SKU0027,0.0,0.0,7,0.92,0.0,0.0,0.0
ST002,SKU0028,0.0,0.0,7,0.92,0.0,0.0,0.0
ST002,SKU0029,0.0,0.0,7,0.92,0.0,0.0,0.0
ST002,SKU0030,0.0,0.0,7,0.92,0.0,0.0,0.0
ST002,SKU0031,0.0,0.0,7,0.92,0.0,0.0,0.0
ST002,SKU0032,0.0,0.0,7,0.92,0.0,0.0,0.0
ST002,SKU0033,0.0,0.0,7,0.9,0.0,0.0,0.0
ST002,SKU0034,0.0,0.0,7,0.92,0.0,0.0,0.0
ST002,SKU0035,0.0,0.0,7,0.92,0.0,0.0,0.0
ST002,SKU0036,0.0,0.0,7,0.9,0.0,0.0,0.0
ST002,SKU0037,0.0,0.0,7,0.92,0.0,0.0,0.0
ST002,SKU0038,0.0,0.0,7,0.9,0.0,0.0,0.0
ST002,SKU0039,0.0,0.0,7,0.92,0.0,0.0,0.0
ST002,SKU0040,0.0,0.0,7,0.92,0.0,0.0,0.0
ST002,SKU0041,0.0,0.0,7,0.92,0.0,0.0,0.0
ST002,SKU0042,0.0,0.0,7,0.92,0.0,0.0,0.0
ST002,SKU0043,0.0,0.0,7,0.92,0.0,0.0,0.0
ST002,SKU0044,0.0,0.0,7,0.9,0.0,0.0,0.0
ST002,SKU0045,0.0,0.0,7,0.92,0.0,0.0,0.0
ST002,SKU0046,0.0,0.0,7,0.92,0.0,0.0,0.0
ST002,SKU0047,0.0,0.0,7,0.92,0.0,0.0,0.0
ST002,SKU0048,0.0,0.0,7,0.9,0.0,0.0,0.0
ST002,SKU0049,0.0,0.0,7,0.92,0.0,0.0,0.0
ST002,SKU0050,0.0,0.0,7,0.92,0.0,0.0,0.0
ST002,SKU0051,0.0,0.0,7,0.9,0.0,0.0,0.0
ST002,SKU0052,0.0,0.0,7,0.92,0.0,0.0,0.0
ST002,SKU0053,0.0,0.0,7,0.92,0.0,0.0,0.0
ST002,SKU0054,0.0,0.0,7,0.92,0.0,0.0,0.0
ST002,SKU0055,0.0,0.0,7,0.9,0.0,0.0,0.0
ST002,SKU0056,0.0,0.0,7,0.92,0.0,0.0,0.0
ST002,SKU0057,0.0,0.0,7,0.92,0.0,0.0,0.0
ST002,SKU0058,0.0,0.0,7,0.92,0.0,0.0,0.0
ST002,SKU0059,0.0,0.0,7,0.92,0.0,0.0,0.0
ST002,SKU0060,0.0,0.0,7,0.9,0.0,0.0,0.0
ST002,SKU0061,0.0,0.0,7,0.92,0.0,0.0,0.0
ST002,SKU0062,0.0,0.0,7,0.9,0.0,0.0,0.0
ST002,SKU0063,0.0,0.0,7,0.92,0.0,0.0,0.0
ST002,SKU0064,0.0,0.0,7,0.92,0.0,0.0,0.0
ST002,SKU0065,0.0,0.0,7,0.92,0.0,0.0,0.0
ST002,SKU0066,0.0,0.0,7,0.92,0.0,0.0,0.0
ST002,SKU0067,0.0,0.0,7,0.92,0.0,0.0,0.0
ST002,SKU0068,0.0,0.0,7,0.92,0.0,0.0,0.0
ST002,SKU0069,0.0,0.0,7,0.9,0.0,0.0,0.0
ST002,SKU0070,0.0,0.0,7,0.92,0.0,0.0,0.0
ST002,SKU0071,0.0,0.0,7,0.9,0.0,0.0,0.0
ST002,SKU0072,0.0,0.0,7,0.92,0.0,0.0,0.0
ST002,SKU0073,0.0,0.0,7,0.92,0.0,0.0,0.0
ST002,SKU0074,0.0,0.0,7,0.9,0.0,0.0,0.0
ST002,SKU0075,0.0,0.0,7,0.92,0.0,0.0,0.0
ST002,SKU0076,0.0,0.0,7,0.92,0.0,0.0,0.0
ST002,SKU0077,0.0,0.0,7,0.9,0.0,0.0,0.0
ST002,SKU0078,0.0,0.0,7,0.92,0.0,0.0,0.0
ST002,SKU0079,0.0,0.0,7,0.92,0.0,0.0,0.0
ST002,SKU0080,0.0,0.0,7,0.92,0.0,0.0,0.0
ST002,SKU0081,0.0,0.0,7,0.92,0.0,0.0,0.0
ST002,SKU0082,0.0,0.0,7,0.9,0.0,0.0,0.0
ST002,SKU0083,0.0,0.0,7,0.92,0.0,0.0,0.0
ST002,SKU0084,0.0,0.0,7,0.92,0.0,0.0,0.0
ST002,SKU0085,0.0,0.0,7,0.9,0.0,0.0,0.0
ST002,SKU0086,0.0,0.0,7,0.92,0.0,0.0,0.0
ST002,SKU0087,0.0,0.0,7,0.92,0.0,0.0,0.0
ST002,SKU0088,0.0,0.0,7,0.92,0.0,0.0,0.0
ST002,SKU0089,0.0,0.0,7,0.92,0.0,0.0,0.0
ST002,SKU0090,0.0,0.0,7,0.92,0.0,0.0,0.0
ST003,SKU0001,0.0,0.0,7,0.92,0.0,0.0,0.0
ST003,SKU0002,0.0,0.0,7,0.92,0.0,0.0,0.0
ST003,SKU0003,0.0,0.0,7,0.92,0.0,0.0,0.0
ST003,SKU0004,0.0,0.0,7,0.92,0.0,0.0,0.0
ST003,SKU0005,0.0,0.0,7,0.92,0.0,0.0,0.0
ST003,SKU0006,0.0,0.0,7,0.92,0.0,0.0,0.0
ST003,SKU0007,0.0,0.0,7,0.92,0.0,0.0,0.0
ST003,SKU0008,0.0,0.0,7,0.92,0.0,0.0,0.0
ST003,SKU0009,0.0,0.0,7,0.92,0.0,0.0,0.0
ST003,SKU0010,0.0,0.0,7,0.92,0.0,0.0,0.0
ST003,SKU0011,0.0,0.0,7,0.92,0.0,0.0,0.0
ST003,SKU0012,0.0,0.0,7,0.92,0.0,0.0,0.0
ST003,SKU0013,0.0,0.0,7,0.92,0.0,0.0,0.0
ST003,SKU0014,0.0,0.0,7,0.92,0.0,0.0,0.0
ST003,SKU0015,0.0,0.0,7,0.92,0.0,0.0,0.0
ST003,SKU0016,0.0,0.0,7,0.92,0.0,0.0,0.0
ST003,SKU0017,0.0,0.0,7,0.92,0.0,0.0,0.0
ST003,SKU0018,0.0,0.0,7,0.92,0.0,0.0,0.0
ST003,SKU0019,0.0,0.0,7,0.9,0.0,0.0,0.0
ST003,SKU0020,0.0,0.0,7,0.92,0.0,0.0,0.0
ST003,SKU0021,0.0,0.0,7,0.92,0.0,0.0,0.0
ST003,SKU0022,0.0,0.0,7,0.92,0.0,0.0,0.0
ST003,SKU0023,0.0,0.0,7,0.92,0.0,0.0,0.0
ST003,SKU0024,0.0,0.0,7,0.92,0.0,0.0,0.0
ST003,SKU0025,0.0,0.0,7,0.92,0.0,0.0,0.0
ST003,SKU0026,0.0,0.0,7,0.92,0.0,0.0,0.0
ST003,SKU0027,0.0,0.0,7,0.92,0.0,0.0,0.0
ST003,SKU0028,0.0,0.0,7,0.92,0.0,0.0,0.0
ST003,SKU0029,0.0,0.0,7,0.92,0.0,0.0,0.0
ST003,SKU0030,0.0,0.0,7,0.92,0.0,0.0,0.0
ST003,SKU0031,0.0,0.0,7,0.92,0.0,0.0,0.0
ST003,SKU0032,0.0,0.0,7,0.92,0.0,0.0,0.0
ST003,SKU0033,0.0,0.0,7,0.9,0.0,0.0,0.0
ST003,SKU0034,0.0,0.0,7,0.92,0.0,0.0,0.0
ST003,SKU0035,0.0,0.0,7,0.92,0.0,0.0,0.0
ST003,SKU0036,0.0,0.0,7,0.9,0.0,0.0,0.0
ST003,SKU0037,0.0,0.0,7,0.92,0.0,0.0,0.0
ST003,SKU0038,0.0,0.0,7,0.9,0.0,0.0,0.0
ST003,SKU0039,0.0,0.0,7,0.92,0.0,0.0,0.0
ST003,SKU0040,0.0,0.0,7,0.92,0.0,0.0,0.0
ST003,SKU0041,0.0,0.0,7,0.92,0.0,0.0,0.0
ST003,SKU0042,0.0,0.0,7,0.92,0.0,0.0,0.0
ST003,SKU0043,0.0,0.0,7,0.92,0.0,0.0,0.0
ST003,SKU0044,0.0,0.0,7,0.9,0.0,0.0,0.0
ST003,SKU0045,0.0,0.0,7,0.92,0.0,0.0,0.0
ST003,SKU0046,0.0,0.0,7,0.92,0.0,0.0,0.0
ST003,SKU0047,0.0,0.0,7,0.92,0.0,0.0,0.0
ST003,SKU0048,0.0,0.0,7,0.9,0.0,0.0,0.0
ST003,SKU0049,0.0,0.0,7,0.92,0.0,0.0,0.0
ST003,SKU0050,0.0,0.0,7,0.92,0.0,0.0,0.0
ST003,SKU0051,0.0,0.0,7,0.9,0.0,0.0,0.0
ST003,SKU0052,0.0,0.0,7,0.92,0.0,0.0,0.0
ST003,SKU0053,0.0,0.0,7,0.92,0.0,0.0,0.0
ST003,SKU0054,0.0,0.0,7,0.92,0.0,0.0,0.0
ST003,SKU0055,0.0,0.0,7,0.9,0.0,0.0,0.0
ST003,SKU0056,0.0,0.0,7,0.92,0.0,0.0,0.0
ST003,SKU0057,0.0,0.0,7,0.92,0.0,0.0,0.0
ST003,SKU0058,0.0,0.0,7,0.92,0.0,0.0,0.0
ST003,SKU0059,0.0,0.0,7,0.92,0.0,0.0,0.0
ST003,SKU0060,0.0,0.0,7,0.9,0.0,0.0,0.0
ST003,SKU0061,0.0,0.0,7,0.92,0.0,0.0,0.0
ST003,SKU0062,0.0,0.0,7,0.9,0.0,0.0,0.0
ST003,SKU0063,0.0,0.0,7,0.92,0.0,0.0,0.0
ST003,SKU0064,0.0,0.0,7,0.92,0.0,0.0,0.0
ST003,SKU0065,0.0,0.0,7,0.92,0.0,0.0,0.0
ST003,SKU0066,0.0,0.0,7,0.92,0.0,0.0,0.0
ST003,SKU0067,0.0,0.0,7,0.92,0.0,0.0,0.0
ST003,SKU0068,0.0,0.0,7,0.92,0.0,0.0,0.0
ST003,SKU0069,0.0,0.0,7,0.9,0.0,0.0,0.0
ST003,SKU0070,0.0,0.0,7,0.92,0.0,0.0,0.0
ST003,SKU0071,0.0,0.0,7,0.9,0.0,0.0,0.0
ST003,SKU0072,0.0,0.0,7,0.92,0.0,0.0,0.0
ST003,SKU0073,0.0,0.0,7,0.92,0.0,0.0,0.0
ST003,SKU0074,0.0,0.0,7,0.9,0.0,0.0,0.0
ST003,SKU0075,0.0,0.0,7,0.92,0.0,0.0,0.0
ST003,SKU0076,0.0,0.0,7,0.92,0.0,0.0,0.0
ST003,SKU0077,0.0,0.0,7,0.9,0.0,0.0,0.0
ST003,SKU0078,0.0,0.0,7,0.92,0.0,0.0,0.0
ST003,SKU0079,0.0,0.0,7,0.92,0.0,0.0,0.0
ST003,SKU0080,0.0,0.0,7,0.92,0.0,0.0,0.0
ST003,SKU0081,0.0,0.0,7,0.92,0.0,0.0,0.0
ST003,SKU0082,0.0,0.0,7,0.9,0.0,0.0,0.0
ST003,SKU0083,0.0,0.0,7,0.92,0.0,0.0,0.0
ST003,SKU0084,0.0,0.0,7,0.92,0.0,0.0,0.0
ST003,SKU0085,0.0,0.0,7,0.9,0.0,0.0,0.0
ST003,SKU0086,0.0,0.0,7,0.92,0.0,0.0,0.0
ST003,SKU0087,0.0,0.0,7,0.92,0.0,0.0,0.0
ST003,SKU0088,0.0,0.0,7,0.92,0.0,0.0,0.0
ST003,SKU0089,0.0,0.0,7,0.92,0.0,0.0,0.0
ST003,SKU0090,0.0,0.0,7,0.92,0.0,0.0,0.0
ST004,SKU0001,0.0,0.0,7,0.92,0.0,0.0,0.0
ST004,SKU0002,0.0,0.0,7,0.92,0.0,0.0,0.0
ST004,SKU0003,0.0,0.0,7,0.92,0.0,0.0,0.0
ST004,SKU0004,0.0,0.0,7,0.92,0.0,0.0,0.0
ST004,SKU0005,0.0,0.0,7,0.92,0.0,0.0,0.0
ST004,SKU0006,0.0,0.0,7,0.92,0.0,0.0,0.0
ST004,SKU0007,0.0,0.0,7,0.92,0.0,0.0,0.0
ST004,SKU0008,0.0,0.0,7,0.92,0.0,0.0,0.0
ST004,SKU0009,0.0,0.0,7,0.92,0.0,0.0,0.0
ST004,SKU0010,0.0,0.0,7,0.92,0.0,0.0,0.0
ST004,SKU0011,0.0,0.0,7,0.92,0.0,0.0,0.0
ST004,SKU0012,0.0,0.0,7,0.92,0.0,0.0,0.0
ST004,SKU0013,0.0,0.0,7,0.92,0.0,0.0,0.0
ST004,SKU0014,0.0,0.0,7,0.92,0.0,0.0,0.0
ST004,SKU0015,0.0,0.0,7,0.92,0.0,0.0,0.0
ST004,SKU0016,0.0,0.0,7,0.92,0.0,0.0,0.0
ST004,SKU0017,0.0,0.0,7,0.92,0.0,0.0,0.0
ST004,SKU0018,0.0,0.0,7,0.92,0.0,0.0,0.0
ST004,SKU0019,0.0,0.0,7,0.9,0.0,0.0,0.0
ST004,SKU0020,0.0,0.0,7,0.92,0.0,0.0,0.0
ST004,SKU0021,0.0,0.0,7,0.92,0.0,0.0,0.0
ST004,SKU0022,0.0,0.0,7,0.92,0.0,0.0,0.0
ST004,SKU0023,0.0,0.0,7,0.92,0.0,0.0,0.0
ST004,SKU0024,0.0,0.0,7,0.92,0.0,0.0,0.0
ST004,SKU0025,0.0,0.0,7,0.92,0.0,0.0,0.0
ST004,SKU0026,0.0,0.0,7,0.92,0.0,0.0,0.0
ST004,SKU0027,0.0,0.0,7,0.92,0.0,0.0,0.0
ST004,SKU0028,0.0,0.0,7,0.92,0.0,0.0,0.0
ST004,SKU0029,0.0,0.0,7,0.92,0.0,0.0,0.0
ST004,SKU0030,0.0,0.0,7,0.92,0.0,0.0,0.0
ST004,SKU0031,0.0,0.0,7,0.92,0.0,0.0,0.0
ST004,SKU0032,0.0,0.0,7,0.92,0.0,0.0,0.0
ST004,SKU0033,0.0,0.0,7,0.9,0.0,0.0,0.0
ST004,SKU0034,0.0,0.0,7,0.92,0.0,0.0,0.0
ST004,SKU0035,0.0,0.0,7,0.92,0.0,0.0,0.0
ST004,SKU0036,0.0,0.0,7,0.9,0.0,0.0,0.0
ST004,SKU0037,0.0,0.0,7,0.92,0.0,0.0,0.0
ST004,SKU0038,0.0,0.0,7,0.9,0.0,0.0,0.0
ST004,SKU0039,0.0,0.0,7,0.92,0.0,0.0,0.0
ST004,SKU0040,0.0,0.0,7,0.92,0.0,0.0,0.0
ST004,SKU0041,0.0,0.0,7,0.92,0.0,0.0,0.0
ST004,SKU0042,0.0,0.0,7,0.92,0.0,0.0,0.0
ST004,SKU0043,0.0,0.0,7,0.92,0.0,0.0,0.0
ST004,SKU0044,0.0,0.0,7,0.9,0.0,0.0,0.0
ST004,SKU0045,0.0,0.0,7,0.92,0.0,0.0,0.0
ST004,SKU0046,0.0,0.0,7,0.92,0.0,0.0,0.0
ST004,SKU0047,0.0,0.0,7,0.92,0.0,0.0,0.0
ST004,SKU0048,0.0,0.0,7,0.9,0.0,0.0,0.0
ST004,SKU0049,0.0,0.0,7,0.92,0.0,0.0,0.0
ST004,SKU0050,0.0,0.0,7,0.92,0.0,0.0,0.0
ST004,SKU0051,0.0,0.0,7,0.9,0.0,0.0,0.0
ST004,SKU0052,0.0,0.0,7,0.92,0.0,0.0,0.0
ST004,SKU0053,0.0,0.0,7,0.92,0.0,0.0,0.0
ST004,SKU0054,0.0,0.0,7,0.92,0.0,0.0,0.0
ST004,SKU0055,0.0,0.0,7,0.9,0.0,0.0,0.0
ST004,SKU0056,0.0,0.0,7,0.92,0.0,0.0,0.0
ST004,SKU0057,0.0,0.0,7,0.92,0.0,0.0,0.0
ST004,SKU0058,0.0,0.0,7,0.92,0.0,0.0,0.0
ST004,SKU0059,0.0,0.0,7,0.92,0.0,0.0,0.0
ST004,SKU0060,0.0,0.0,7,0.9,0.0,0.0,0.0
ST004,SKU0061,0.0,0.0,7,0.92,0.0,0.0,0.0
ST004,SKU0062,0.0,0.0,7,0.9,0.0,0.0,0.0
ST004,SKU0063,0.0,0.0,7,0.92,0.0,0.0,0.0
ST004,SKU0064,0.0,0.0,7,0.92,0.0,0.0,0.0
ST004,SKU0065,0.0,0.0,7,0.92,0.0,0.0,0.0
ST004,SKU0066,0.0,0.0,7,0.92,0.0,0.0,0.0
ST004,SKU0067,0.0,0.0,7,0.92,0.0,0.0,0.0
ST004,SKU0068,0.0,0.0,7,0.92,0.0,0.0,0.0
ST004,SKU0069,0.0,0.0,7,0.9,0.0,0.0,0.0
ST004,SKU0070,0.0,0.0,7,0.92,0.0,0.0,0.0
ST004,SKU0071,0.0,0.0,7,0.9,0.0,0.0,0.0
ST004,SKU0072,0.0,0.0,7,0.92,0.0,0.0,0.0
ST004,SKU0073,0.0,0.0,7,0.92,0.0,0.0,0.0
ST004,SKU0074,0.0,0.0,7,0.9,0.0,0.0,0.0
ST004,SKU0075,0.0,0.0,7,0.92,0.0,0.0,0.0
ST004,SKU0076,0.0,0.0,7,0.92,0.0,0.0,0.0
ST004,SKU0077,0.0,0.0,7,0.9,0.0,0.0,0.0
ST004,SKU0078,0.0,0.0,7,0.92,0.0,0.0,0.0
ST004,SKU0079,0.0,0.0,7,0.92,0.0,0.0,0.0
ST004,SKU0080,0.0,0.0,7,0.92,0.0,0.0,0.0
ST004,SKU0081,0.0,0.0,7,0.92,0.0,0.0,0.0
ST004,SKU0082,0.4,2.1908902300206647,7,0.9,7.419584894048994,10.219584894048994,10.0
ST004,SKU0083,0.0,0.0,7,0.92,0.0,0.0,0.0
ST004,SKU0084,0.0,0.0,7,0.92,0.0,0.0,0.0
ST004,SKU0085,0.0,0.0,7,0.9,0.0,0.0,0.0
ST004,SKU0086,0.0,0.0,7,0.92,0.0,0.0,0.0
ST004,SKU0087,0.0,0.0,7,0.92,0.0,0.0,0.0
ST004,SKU0088,0.0,0.0,7,0.92,0.0,0.0,0.0
ST004,SKU0089,0.0,0.0,7,0.92,0.0,0.0,0.0
ST004,SKU0090,0.0,0.0,7,0.92,0.0,0.0,0.0
ST005,SKU0001,0.0,0.0,7,0.92,0.0,0.0,0.0
ST005,SKU0002,0.0,0.0,7,0.92,0.0,0.0,0.0
ST005,SKU0003,0.0,0.0,7,0.92,0.0,0.0,0.0
ST005,SKU0004,0.0,0.0,7,0.92,0.0,0.0,0.0
ST005,SKU0005,0.0,0.0,7,0.92,0.0,0.0,0.0
ST005,SKU0006,0.0,0.0,7,0.92,0.0,0.0,0.0
ST005,SKU0007,0.0,0.0,7,0.92,0.0,0.0,0.0
ST005,SKU0008,0.0,0.0,7,0.92,0.0,0.0,0.0
ST005,SKU0009,0.0,0.0,7,0.92,0.0,0.0,0.0
ST005,SKU0010,0.0,0.0,7,0.92,0.0,0.0,0.0
ST005,SKU0011,0.0,0.0,7,0.92,0.0,0.0,0.0
ST005,SKU0012,0.0,0.0,7,0.92,0.0,0.0,0.0
ST005,SKU0013,0.0,0.0,7,0.92,0.0,0.0,0.0
ST005,SKU0014,0.0,0.0,7,0.92,0.0,0.0,0.0
ST005,SKU0015,0.0,0.0,7,0.92,0.0,0.0,0.0
ST005,SKU0016,0.0,0.0,7,0.92,0.0,0.0,0.0
ST005,SKU0017,0.41379310344827586,1.086187348326717,7,0.92,4.052032057265028,6.948583781402959,7.0
ST005,SKU0018,0.0,0.0,7,0.92,0.0,0.0,0.0
ST005,SKU0019,0.0,0.0,7,0.9,0.0,0.0,0.0
ST005,SKU0020,0.0,0.0,7,0.92,0.0,0.0,0.0
ST005,SKU0021,0.0,0.0,7,0.92,0.0,0.0,0.0
ST005,SKU0022,0.0,0.0,7,0.92,0.0,0.0,0.0
ST005,SKU0023,0.0,0.0,7,0.92,0.0,0.0,0.0
ST005,SKU0024,0.0,0.0,7,0.92,0.0,0.0,0.0
ST005,SKU0025,0.0,0.0,7,0.92,0.0,0.0,0.0
ST005,SKU0026,0.0,0.0,7,0.92,0.0,0.0,0.0
ST005,SKU0027,0.0,0.0,7,0.92,0.0,0.0,0.0
ST005,SKU0028,0.0,0.0,7,0.92,0.0,0.0,0.0
ST005,SKU0029,0.0,0.0,7,0.92,0.0,0.0,0.0
ST005,SKU0030,0.0,0.0,7,0.92,0.0,0.0,0.0
ST005,SKU0031,0.0,0.0,7,0.92,0.0,0.0,0.0
ST005,SKU0032,0.0,0.0,7,0.92,0.0,0.0,0.0
ST005,SKU0033,0.0,0.0,7,0.9,0.0,0.0,0.0
ST005,SKU0034,0.0,0.0,7,0.92,0.0,0.0,0.0
ST005,SKU0035,0.3448275862068966,0.9737945687202026,7,0.92,3.6327497422276656,6.046542845675941,6.0
ST005,SKU0036,0.0,0.0,7,0.9,0.0,0.0,0.0
ST005,SKU0037,0.0,0.0,7,0.92,0.0,0.0,0.0
ST005,SKU0038,0.0,0.0,7,0.9,0.0,0.0,0.0
ST005,SKU0039,0.0,0.0,7,0.92,0.0,0.0,0.0
ST005,SKU0040,0.0,0.0,7,0.92,0.0,0.0,0.0
ST005,SKU0041,0.0,0.0,7,0.92,0.0,0.0,0.0
ST005,SKU0042,0.0,0.0,7,0.92,0.0,0.0,0.0
ST005,SKU0043,0.0,0.0,7,0.92,0.0,0.0,0.0
ST005,SKU0044,0.0,0.0,7,0.9,0.0,0.0,0.0
ST005,SKU0045,0.0,0.0,7,0.92,0.0,0.0,0.0
ST005,SKU0046,0.0,0.0,7,0.92,0.0,0.0,0.0
ST005,SKU0047,0.0,0.0,7,0.92,0.0,0.0,0.0
ST005,SKU0048,0.0,0.0,7,0.9,0.0,0.0,0.0
ST005,SKU0049,0.0,0.0,7,0.92,0.0,0.0,0.0
ST005,SKU0050,0.0,0.0,7,0.92,0.0,0.0,0.0
ST005,SKU0051,0.0,0.0,7,0.9,0.0,0.0,0.0
ST005,SKU0052,0.0,0.0,7,0.92,0.0,0.0,0.0
ST005,SKU0053,0.0,0.0,7,0.92,0.0,0.0,0.0
ST005,SKU0054,0.0,0.0,7,0.92,0.0,0.0,0.0
ST005,SKU0055,0.0,0.0,7,0.9,0.0,0.0,0.0
ST005,SKU0056,0.0,0.0,7,0.92,0.0,0.0,0.0
ST005,SKU0057,0.0,0.0,7,0.92,0.0,0.0,0.0
ST005,SKU0058,0.0,0.0,7,0.92,0.0,0.0,0.0
ST005,SKU0059,0.0,0.0,7,0.92,0.0,0.0,0.0
ST005,SKU0060,0.0,0.0,7,0.9,0.0,0.0,0.0
ST005,SKU0061,0.0,0.0,7,0.92,0.0,0.0,0.0
ST005,SKU0062,0.0,0.0,7,0.9,0.0,0.0,0.0
ST005,SKU0063,0.0,0.0,7,0.92,0.0,0.0,0.0
ST005,SKU0064,0.0,0.0,7,0.92,0.0,0.0,0.0
ST005,SKU0065,0.0,0.0,7,0.92,0.0,0.0,0.0
ST005,SKU0066,0.0,0.0,7,0.92,0.0,0.0,0.0
ST005,SKU0067,0.0,0.0,7,0.92,0.0,0.0,0.0
ST005,SKU0068,0.0,0.0,7,0.92,0.0,0.0,0.0
ST005,SKU0069,0.0,0.0,7,0.9,0.0,0.0,0.0
ST005,SKU0070,0.0,0.0,7,0.92,0.0,0.0,0.0
ST005,SKU0071,0.0,0.0,7,0.9,0.0,0.0,0.0
ST005,SKU0072,0.0,0.0,7,0.92,0.0,0.0,0.0
ST005,SKU0073,0.0,0.0,7,0.92,0.0,0.0,0.0
ST005,SKU0074,0.0,0.0,7,0.9,0.0,0.0,0.0
ST005,SKU0075,0.0,0.0,7,0.92,0.0,0.0,0.0
ST005,SKU0076,0.0,0.0,7,0.92,0.0,0.0,0.0
ST005,SKU0077,0.0,0.0,7,0.9,0.0,0.0,0.0
ST005,SKU0078,0.0,0.0,7,0.92,0.0,0.0,0.0
ST005,SKU0079,0.0,0.0,7,0.92,0.0,0.0,0.0
ST005,SKU0080,0.0,0.0,7,0.92,0.0,0.0,0.0
ST005,SKU0081,0.0,0.0,7,0.92,0.0,0.0,0.0
ST005,SKU0082,0.0,0.0,7,0.9,0.0,0.0,0.0
ST005,SKU0083,0.0,0.0,7,0.92,0.0,0.0,0.0
ST005,SKU0084,0.0,0.0,7,0.92,0.0,0.0,0.0
ST005,SKU0085,0.0,0.0,7,0.9,0.0,0.0,0.0
ST005,SKU0086,0.0,0.0,7,0.92,0.0,0.0,0.0
ST005,SKU0087,0.0,0.0,7,0.92,0.0,0.0,0.0
ST005,SKU0088,0.0,0.0,7,0.92,0.0,0.0,0.0
ST005,SKU0089,0.0,0.0,7,0.92,0.0,0.0,0.0
ST005,SKU0090,0.0,0.0,7,0.92,0.0,0.0,0.0
ST006,SKU0001,0.0,0.0,7,0.92,0.0,0.0,0.0
ST006,SKU0002,0.0,0.0,7,0.92,0.0,0.0,0.0
ST006,SKU0003,0.0,0.0,7,0.92,0.0,0.0,0.0
ST006,SKU0004,0.0,0.0,7,0.92,0.0,0.0,0.0
ST006,SKU0005,0.0,0.0,7,0.92,0.0,0.0,0.0
ST006,SKU0006,0.0,0.0,7,0.92,0.0,0.0,0.0
ST006,SKU0007,0.0,0.0,7,0.92,0.0,0.0,0.0
ST006,SKU0008,0.0,0.0,7,0.92,0.0,0.0,0.0
ST006,SKU0009,0.0,0.0,7,0.92,0.0,0.0,0.0
ST006,SKU0010,0.0,0.0,7,0.92,0.0,0.0,0.0
ST006,SKU0011,0.0,0.0,7,0.92,0.0,0.0,0.0
ST006,SKU0012,0.0,0.0,7,0.92,0.0,0.0,0.0
ST006,SKU0013,0.0,0.0,7,0.92,0.0,0.0,0.0
ST006,SKU0014,0.0,0.0,7,0.92,0.0,0.0,0.0
ST006,SKU0015,0.0,0.0,7,0.92,0.0,0.0,0.0
ST006,SKU0016,0.0,0.0,7,0.92,0.0,0.0,0.0
ST006,SKU0017,0.0,0.0,7,0.92,0.0,0.0,0.0
ST006,SKU0018,0.0,0.0,7,0.92,0.0,0.0,0.0
ST006,SKU0019,0.0,0.0,7,0.9,0.0,0.0,0.0
ST006,SKU0020,0.0,0.0,7,0.92,0.0,0.0,0.0
ST006,SKU0021,0.0,0.0,7,0.92,0.0,0.0,0.0
ST006,SKU0022,0.0,0.0,7,0.92,0.0,0.0,0.0
ST006,SKU0023,0.0,0.0,7,0.92,0.0,0.0,0.0
ST006,SKU0024,0.0,0.0,7,0.92,0.0,0.0,0.0
ST006,SKU0025,0.0,0.0,7,0.92,0.0,0.0,0.0
ST006,SKU0026,0.0,0.0,7,0.92,0.0,0.0,0.0
ST006,SKU0027,0.0,0.0,7,0.92,0.0,0.0,0.0
ST006,SKU0028,0.0,0.0,7,0.92,0.0,0.0,0.0
ST006,SKU0029,0.0,0.0,7,0.92,0.0,0.0,0.0
ST006,SKU0030,0.0,0.0,7,0.92,0.0,0.0,0.0
ST006,SKU0031,0.0,0.0,7,0.92,0.0,0.0,0.0
ST006,SKU0032,0.0,0.0,7,0.92,0.0,0.0,0.0
ST006,SKU0033,0.0,0.0,7,0.9,0.0,0.0,0.0
ST006,SKU0034,0.0,0.0,7,0.92,0.0,0.0,0.0
ST006,SKU0035,0.0,0.0,7,0.92,0.0,0.0,0.0
ST006,SKU0036,0.0,0.0,7,0.9,0.0,0.0,0.0
ST006,SKU0037,0.0,0.0,7,0.92,0.0,0.0,0.0
ST006,SKU0038,0.0,0.0,7,0.9,0.0,0.0,0.0
ST006,SKU0039,0.0,0.0,7,0.92,0.0,0.0,0.0
ST006,SKU0040,0.0,0.0,7,0.92,0.0,0.0,0.0
ST006,SKU0041,0.0,0.0,7,0.92,0.0,0.0,0.0
ST006,SKU0042,0.0,0.0,7,0.92,0.0,0.0,0.0
ST006,SKU0043,0.0,0.0,7,0.92,0.0,0.0,0.0
ST006,SKU0044,0.0,0.0,7,0.9,0.0,0.0,0.0
ST006,SKU0045,0.0,0.0,7,0.92,0.0,0.0,0.0
ST006,SKU0046,0.0,0.0,7,0.92,0.0,0.0,0.0
ST006,SKU0047,0.0,0.0,7,0.92,0.0,0.0,0.0
ST006,SKU0048,0.0,0.0,7,0.9,0.0,0.0,0.0
ST006,SKU0049,0.0,0.0,7,0.92,0.0,0.0,0.0
ST006,SKU0050,0.0,0.0,7,0.92,0.0,0.0,0.0
ST006,SKU0051,0.0,0.0,7,0.9,0.0,0.0,0.0
ST006,SKU0052,0.0,0.0,7,0.92,0.0,0.0,0.0
ST006,SKU0053,0.0,0.0,7,0.92,0.0,0.0,0.0
ST006,SKU0054,0.0,0.0,7,0.92,0.0,0.0,0.0
ST006,SKU0055,0.0,0.0,7,0.9,0.0,0.0,0.0
ST006,SKU0056,0.0,0.0,7,0.92,0.0,0.0,0.0
ST006,SKU0057,0.0,0.0,7,0.92,0.0,0.0,0.0
ST006,SKU0058,0.0,0.0,7,0.92,0.0,0.0,0.0
ST006,SKU0059,0.0,0.0,7,0.92,0.0,0.0,0.0
ST006,SKU0060,0.0,0.0,7,0.9,0.0,0.0,0.0
ST006,SKU0061,0.0,0.0,7,0.92,0.0,0.0,0.0
ST006,SKU0062,0.0,0.0,7,0.9,0.0,0.0,0.0
ST006,SKU0063,0.0,0.0,7,0.92,0.0,0.0,0.0
ST006,SKU0064,0.8275862068965517,1.7334722692833548,7,0.92,6.466734506102271,12.259837954378133,12.0
ST006,SKU0065,0.0,0.0,7,0.92,0.0,0.0,0.0
ST006,SKU0066,0.0,0.0,7,0.92,0.0,0.0,0.0
ST006,SKU0067,0.0,0.0,7,0.92,0.0,0.0,0.0
ST006,SKU0068,0.0,0.0,7,0.92,0.0,0.0,0.0
ST006,SKU0069,0.0,0.0,7,0.9,0.0,0.0,0.0
ST006,SKU0070,0.0,0.0,7,0.92,0.0,0.0,0.0
ST006,SKU0071,0.0,0.0,7,0.9,0.0,0.0,0.0
ST006,SKU0072,0.0,0.0,7,0.92,0.0,0.0,0.0
ST006,SKU0073,0.0,0.0,7,0.92,0.0,0.0,0.0
ST006,SKU0074,0.0,0.0,7,0.9,0.0,0.0,0.0
ST006,SKU0075,0.0,0.0,7,0.92,0.0,0.0,0.0
ST006,SKU0076,0.0,0.0,7,0.92,0.0,0.0,0.0
ST006,SKU0077,0.0,0.0,7,0.9,0.0,0.0,0.0
ST006,SKU0078,0.0,0.0,7,0.92,0.0,0.0,0.0
ST006,SKU0079,0.0,0.0,7,0.92,0.0,0.0,0.0
ST006,SKU0080,0.0,0.0,7,0.92,0.0,0.0,0.0
ST006,SKU0081,0.0,0.0,7,0.92,0.0,0.0,0.0
ST006,SKU0082,0.0,0.0,7,0.9,0.0,0.0,0.0
ST006,SKU0083,0.0,0.0,7,0.92,0.0,0.0,0.0
ST006,SKU0084,0.0,0.0,7,0.92,0.0,0.0,0.0
ST006,SKU0085,0.0,0.0,7,0.9,0.0,0.0,0.0
ST006,SKU0086,0.0,0.0,7,0.92,0.0,0.0,0.0
ST006,SKU0087,0.0,0.0,7,0.92,0.0,0.0,0.0
ST006,SKU0088,0.0,0.0,7,0.92,0.0,0.0,0.0
ST006,SKU0089,0.0,0.0,7,0.92,0.0,0.0,0.0
ST006,SKU0090,0.0,0.0,7,0.92,0.0,0.0,0.0
ST007,SKU0001,0.0,0.0,7,0.92,0.0,0.0,0.0
ST007,SKU0002,0.0,0.0,7,0.92,0.0,0.0,0.0
ST007,SKU0003,0.0,0.0,7,0.92,0.0,0.0,0.0
ST007,SKU0004,0.0,0.0,7,0.92,0.0,0.0,0.0
ST007,SKU0005,0.0,0.0,7,0.92,0.0,0.0,0.0
ST007,SKU0006,0.0,0.0,7,0.92,0.0,0.0,0.0
ST007,SKU0007,0.0,0.0,7,0.92,0.0,0.0,0.0
ST007,SKU0008,0.0,0.0,7,0.92,0.0,0.0,0.0
ST007,SKU0009,0.0,0.0,7,0.92,0.0,0.0,0.0
ST007,SKU0010,0.0,0.0,7,0.92,0.0,0.0,0.0
ST007,SKU0011,0.0,0.0,7,0.92,0.0,0.0,0.0
ST007,SKU0012,0.0,0.0,7,0.92,0.0,0.0,0.0
ST007,SKU0013,0.0,0.0,7,0.92,0.0,0.0,0.0
ST007,SKU0014,0.0,0.0,7,0.92,0.0,0.0,0.0
ST007,SKU0015,0.0,0.0,7,0.92,0.0,0.0,0.0
ST007,SKU0016,0.0,0.0,7,0.92,0.0,0.0,0.0
ST007,SKU0017,0.0,0.0,7,0.92,0.0,0.0,0.0
ST007,SKU0018,0.0,0.0,7,0.92,0.0,0.0,0.0
ST007,SKU0019,0.0,0.0,7,0.9,0.0,0.0,0.0
ST007,SKU0020,0.0,0.0,7,0.92,0.0,0.0,0.0
ST007,SKU0021,0.0,0.0,7,0.92,0.0,0.0,0.0
ST007,SKU0022,0.0,0.0,7,0.92,0.0,0.0,0.0
ST007,SKU0023,0.0,0.0,7,0.92,0.0,0.0,0.0
ST007,SKU0024,0.0,0.0,7,0.92,0.0,0.0,0.0
ST007,SKU0025,0.0,0.0,7,0.92,0.0,0.0,0.0
ST007,SKU0026,0.0,0.0,7,0.92,0.0,0.0,0.0
ST007,SKU0027,0.0,0.0,7,0.92,0.0,0.0,0.0
ST007,SKU0028,0.0,0.0,7,0.92,0.0,0.0,0.0
ST007,SKU0029,0.0,0.0,7,0.92,0.0,0.0,0.0
ST007,SKU0030,0.0,0.0,7,0.92,0.0,0.0,0.0
ST007,SKU0031,0.0,0.0,7,0.92,0.0,0.0,0.0
ST007,SKU0032,0.0,0.0,7,0.92,0.0,0.0,0.0
ST007,SKU0033,0.0,0.0,7,0.9,0.0,0.0,0.0
ST007,SKU0034,0.0,0.0,7,0.92,0.0,0.0,0.0
ST007,SKU0035,0.0,0.0,7,0.92,0.0,0.0,0.0
ST007,SKU0036,0.0,0.0,7,0.9,0.0,0.0,0.0
ST007,SKU0037,0.0,0.0,7,0.92,0.0,0.0,0.0
ST007,SKU0038,0.0,0.0,7,0.9,0.0,0.0,0.0
ST007,SKU0039,0.0,0.0,7,0.92,0.0,0.0,0.0
ST007,SKU0040,0.0,0.0,7,0.92,0.0,0.0,0.0
ST007,SKU0041,0.0,0.0,7,0.92,0.0,0.0,0.0
ST007,SKU0042,0.0,0.0,7,0.92,0.0,0.0,0.0
ST007,SKU0043,0.0,0.0,7,0.92,0.0,0.0,0.0
ST007,SKU0044,0.0,0.0,7,0.9,0.0,0.0,0.0
ST007,SKU0045,0.0,0.0,7,0.92,0.0,0.0,0.0
ST007,SKU0046,0.0,0.0,7,0.92,0.0,0.0,0.0
ST007,SKU0047,0.0,0.0,7,0.92,0.0,0.0,0.0
ST007,SKU0048,0.0,0.0,7,0.9,0.0,0.0,0.0
ST007,SKU0049,0.0,0.0,7,0.92,0.0,0.0,0.0
ST007,SKU0050,0.0,0.0,7,0.92,0.0,0.0,0.0
ST007,SKU0051,0.0,0.0,7,0.9,0.0,0.0,0.0
ST007,SKU0052,0.0,0.0,7,0.92,0.0,0.0,0.0
ST007,SKU0053,0.0,0.0,7,0.92,0.0,0.0,0.0
ST007,SKU0054,0.0,0.0,7,0.92,0.0,0.0,0.0
ST007,SKU0055,0.0,0.0,7,0.9,0.0,0.0,0.0
ST007,SKU0056,0.0,0.0,7,0.92,0.0,0.0,0.0
ST007,SKU0057,0.0,0.0,7,0.92,0.0,0.0,0.0
ST007,SKU0058,0.0,0.0,7,0.92,0.0,0.0,0.0
ST007,SKU0059,0.0,0.0,7,0.92,0.0,0.0,0.0
ST007,SKU0060,0.0,0.0,7,0.9,0.0,0.0,0.0
ST007,SKU0061,0.0,0.0,7,0.92,0.0,0.0,0.0
ST007,SKU0062,0.0,0.0,7,0.9,0.0,0.0,0.0
ST007,SKU0063,0.0,0.0,7,0.92,0.0,0.0,0.0
ST007,SKU0064,0.0,0.0,7,0.92,0.0,0.0,0.0
ST007,SKU0065,0.0,0.0,7,0.92,0.0,0.0,0.0
ST007,SKU0066,0.0,0.0,7,0.92,0.0,0.0,0.0
ST007,SKU0067,0.0,0.0,7,0.92,0.0,0.0,0.0
ST007,SKU0068,0.0,0.0,7,0.92,0.0,0.0,0.0
ST007,SKU0069,0.0,0.0,7,0.9,0.0,0.0,0.0
ST007,SKU0070,0.0,0.0,7,0.92,0.0,0.0,0.0
ST007,SKU0071,0.0,0.0,7,0.9,0.0,0.0,0.0
ST007,SKU0072,0.0,0.0,7,0.92,0.0,0.0,0.0
ST007,SKU0073,0.0,0.0,7,0.92,0.0,0.0,0.0
ST007,SKU0074,0.0,0.0,7,0.9,0.0,0.0,0.0
ST007,SKU0075,0.0,0.0,7,0.92,0.0,0.0,0.0
ST007,SKU0076,0.0,0.0,7,0.92,0.0,0.0,0.0
ST007,SKU0077,0.0,0.0,7,0.9,0.0,0.0,0.0
ST007,SKU0078,0.0,0.0,7,0.92,0.0,0.0,0.0
ST007,SKU0079,0.0,0.0,7,0.92,0.0,0.0,0.0
ST007,SKU0080,0.0,0.0,7,0.92,0.0,0.0,0.0
ST007,SKU0081,0.0,0.0,7,0.92,0.0,0.0,0.0
ST007,SKU0082,0.0,0.0,7,0.9,0.0,0.0,0.0
ST007,SKU0083,0.0,0.0,7,0.92,0.0,0.0,0.0
ST007,SKU0084,0.0,0.0,7,0.92,0.0,0.0,0.0
ST007,SKU0085,0.0,0.0,7,0.9,0.0,0.0,0.0
ST007,SKU0086,0.0,0.0,7,0.92,0.0,0.0,0.0
ST007,SKU0087,0.0,0.0,7,0.92,0.0,0.0,0.0
ST007,SKU0088,0.0,0.0,7,0.92,0.0,0.0,0.0
ST007,SKU0089,0.0,0.0,7,0.92,0.0,0.0,0.0
ST007,SKU0090,0.0,0.0,7,0.92,0.0,0.0,0.0
ST008,SKU0001,0.0,0.0,7,0.92,0.0,0.0,0.0
ST008,SKU0002,0.0,0.0,7,0.92,0.0,0.0,0.0
ST008,SKU0003,0.0,0.0,7,0.92,0.0,0.0,0.0
ST008,SKU0004,0.0,0.0,7,0.92,0.0,0.0,0.0
ST008,SKU0005,0.0,0.0,7,0.92,0.0,0.0,0.0
ST008,SKU0006,0.0,0.0,7,0.92,0.0,0.0,0.0
ST008,SKU0007,0.0,0.0,7,0.92,0.0,0.0,0.0
ST008,SKU0008,0.0,0.0,7,0.92,0.0,0.0,0.0
ST008,SKU0009,0.0,0.0,7,0.92,0.0,0.0,0.0
ST008,SKU0010,0.0,0.0,7,0.92,0.0,0.0,0.0
ST008,SKU0011,0.0,0.0,7,0.92,0.0,0.0,0.0
ST008,SKU0012,0.0,0.0,7,0.92,0.0,0.0,0.0
ST008,SKU0013,0.0,0.0,7,0.92,0.0,0.0,0.0
ST008,SKU0014,0.0,0.0,7,0.92,0.0,0.0,0.0
ST008,SKU0015,0.0,0.0,7,0.92,0.0,0.0,0.0
ST008,SKU0016,0.0,0.0,7,0.92,0.0,0.0,0.0
ST008,SKU0017,0.0,0.0,7,0.92,0.0,0.0,0.0
ST008,SKU0018,0.0,0.0,7,0.92,0.0,0.0,0.0
ST008,SKU0019,0.0,0.0,7,0.9,0.0,0.0,0.0
ST008,SKU0020,0.0,0.0,7,0.92,0.0,0.0,0.0
ST008,SKU0021,0.0,0.0,7,0.92,0.0,0.0,0.0
ST008,SKU0022,0.0,0.0,7,0.92,0.0,0.0,0.0
ST008,SKU0023,0.0,0.0,7,0.92,0.0,0.0,0.0
ST008,SKU0024,0.0,0.0,7,0.92,0.0,0.0,0.0
ST008,SKU0025,0.0,0.0,7,0.92,0.0,0.0,0.0
ST008,SKU0026,0.0,0.0,7,0.92,0.0,0.0,0.0
ST008,SKU0027,0.0,0.0,7,0.92,0.0,0.0,0.0
ST008,SKU0028,0.0,0.0,7,0.92,0.0,0.0,0.0
ST008,SKU0029,0.0,0.0,7,0.92,0.0,0.0,0.0
ST008,SKU0030,0.0,0.0,7,0.92,0.0,0.0,0.0
ST008,SKU0031,0.0,0.0,7,0.92,0.0,0.0,0.0
ST008,SKU0032,0.0,0.0,7,0.92,0.0,0.0,0.0
ST008,SKU0033,0.0,0.0,7,0.9,0.0,0.0,0.0
ST008,SKU0034,0.0,0.0,7,0.92,0.0,0.0,0.0
ST008,SKU0035,0.0,0.0,7,0.92,0.0,0.0,0.0
ST008,SKU0036,0.0,0.0,7,0.9,0.0,0.0,0.0
ST008,SKU0037,0.0,0.0,7,0.92,0.0,0.0,0.0
ST008,SKU0038,0.0,0.0,7,0.9,0.0,0.0,0.0
ST008,SKU0039,0.0,0.0,7,0.92,0.0,0.0,0.0
ST008,SKU0040,2.0689655172413794,6.573382660846037,7,0.92,24.522065468218337,39.004824088907995,39.0
ST008,SKU0041,0.0,0.0,7,0.92,0.0,0.0,0.0
ST008,SKU0042,0.0,0.0,7,0.92,0.0,0.0,0.0
ST008,SKU0043,0.0,0.0,7,0.92,0.0,0.0,0.0
ST008,SKU0044,0.0,0.0,7,0.9,0.0,0.0,0.0
ST008,SKU0045,0.0,0.0,7,0.92,0.0,0.0,0.0
ST008,SKU0046,0.0,0.0,7,0.92,0.0,0.0,0.0
ST008,SKU0047,0.0,0.0,7,0.92,0.0,0.0,0.0
ST008,SKU0048,0.0,0.0,7,0.9,0.0,0.0,0.0
ST008,SKU0049,0.0,0.0,7,0.92,0.0,0.0,0.0
ST008,SKU0050,0.0,0.0,7,0.92,0.0,0.0,0.0
ST008,SKU0051,0.0,0.0,7,0.9,0.0,0.0,0.0
ST008,SKU0052,0.0,0.0,7,0.92,0.0,0.0,0.0
ST008,SKU0053,0.0,0.0,7,0.92,0.0,0.0,0.0
ST008,SKU0054,0.0,0.0,7,0.92,0.0,0.0,0.0
ST008,SKU0055,0.0,0.0,7,0.9,0.0,0.0,0.0
ST008,SKU0056,0.0,0.0,7,0.92,0.0,0.0,0.0
ST008,SKU0057,0.0,0.0,7,0.92,0.0,0.0,0.0
ST008,SKU0058,0.0,0.0,7,0.92,0.0,0.0,0.0
ST008,SKU0059,0.0,0.0,7,0.92,0.0,0.0,0.0
ST008,SKU0060,0.0,0.0,7,0.9,0.0,0.0,0.0
ST008,SKU0061,0.0,0.0,7,0.92,0.0,0.0,0.0
ST008,SKU0062,0.0,0.0,7,0.9,0.0,0.0,0.0
ST008,SKU0063,0.0,0.0,7,0.92,0.0,0.0,0.0
ST008,SKU0064,0.0,0.0,7,0.92,0.0,0.0,0.0
ST008,SKU0065,0.0,0.0,7,0.92,0.0,0.0,0.0
ST008,SKU0066,0.0,0.0,7,0.92,0.0,0.0,0.0
ST008,SKU0067,0.0,0.0,7,0.92,0.0,0.0,0.0
ST008,SKU0068,0.0,0.0,7,0.92,0.0,0.0,0.0
ST008,SKU0069,0.0,0.0,7,0.9,0.0,0.0,0.0
ST008,SKU0070,0.0,0.0,7,0.92,0.0,0.0,0.0
ST008,SKU0071,0.0,0.0,7,0.9,0.0,0.0,0.0
ST008,SKU0072,0.0,0.0,7,0.92,0.0,0.0,0.0
ST008,SKU0073,0.0,0.0,7,0.92,0.0,0.0,0.0
ST008,SKU0074,0.0,0.0,7,0.9,0.0,0.0,0.0
ST008,SKU0075,0.0,0.0,7,0.92,0.0,0.0,0.0
ST008,SKU0076,0.0,0.0,7,0.92,0.0,0.0,0.0
ST008,SKU0077,2.5517241379310347,5.513530155746419,7,0.9,18.671909936845115,36.53397890236236,37.0
ST008,SKU0078,0.0,0.0,7,0.92,0.0,0.0,0.0
ST008,SKU0079,0.0,0.0,7,0.92,0.0,0.0,0.0
ST008,SKU0080,0.0,0.0,7,0.92,0.0,0.0,0.0
ST008,SKU0081,0.0,0.0,7,0.92,0.0,0.0,0.0
ST008,SKU0082,0.0,0.0,7,0.9,0.0,0.0,0.0
ST008,SKU0083,0.0,0.0,7,0.92,0.0,0.0,0.0
ST008,SKU0084,0.0,0.0,7,0.92,0.0,0.0,0.0
ST008,SKU0085,0.0,0.0,7,0.9,0.0,0.0,0.0
ST008,SKU0086,0.0,0.0,7,0.92,0.0,0.0,0.0
ST008,SKU0087,0.0,0.0,7,0.92,0.0,0.0,0.0
ST008,SKU0088,0.0,0.0,7,0.92,0.0,0.0,0.0
ST008,SKU0089,0.0,0.0,7,0.92,0.0,0.0,0.0
ST008,SKU0090,0.0,0.0,7,0.92,0.0,0.0,0.0
ST009,SKU0001,0.0,0.0,7,0.92,0.0,0.0,0.0
ST009,SKU0002,0.0,0.0,7,0.92,0.0,0.0,0.0
ST009,SKU0003,0.0,0.0,7,0.92,0.0,0.0,0.0
ST009,SKU0004,0.0,0.0,7,0.92,0.0,0.0,0.0
ST009,SKU0005,0.0,0.0,7,0.92,0.0,0.0,0.0
ST009,SKU0006,0.0,0.0,7,0.92,0.0,0.0,0.0
ST009,SKU0007,0.0,0.0,7,0.92,0.0,0.0,0.0
ST009,SKU0008,0.0,0.0,7,0.92,0.0,0.0,0.0
ST009,SKU0009,0.0,0.0,7,0.92,0.0,0.0,0.0
ST009,SKU0010,0.0,0.0,7,0.92,0.0,0.0,0.0
ST009,SKU0011,0.0,0.0,7,0.92,0.0,0.0,0.0
ST009,SKU0012,0.0,0.0,7,0.92,0.0,0.0,0.0
ST009,SKU0013,0.0,0.0,7,0.92,0.0,0.0,0.0
ST009,SKU0014,0.0,0.0,7,0.92,0.0,0.0,0.0
ST009,SKU0015,0.0,0.0,7,0.92,0.0,0.0,0.0
ST009,SKU0016,0.0,0.0,7,0.92,0.0,0.0,0.0
ST009,SKU0017,0.0,0.0,7,0.92,0.0,0.0,0.0
ST009,SKU0018,0.0,0.0,7,0.92,0.0,0.0,0.0
ST009,SKU0019,0.0,0.0,7,0.9,0.0,0.0,0.0
ST009,SKU0020,0.0,0.0,7,0.92,0.0,0.0,0.0
ST009,SKU0021,0.0,0.0,7,0.92,0.0,0.0,0.0
ST009,SKU0022,0.0,0.0,7,0.92,0.0,0.0,0.0
ST009,SKU0023,0.0,0.0,7,0.92,0.0,0.0,0.0
ST009,SKU0024,0.0,0.0,7,0.92,0.0,0.0,0.0
ST009,SKU0025,0.0,0.0,7,0.92,0.0,0.0,0.0
ST009,SKU0026,0.0,0.0,7,0.92,0.0,0.0,0.0
ST009,SKU0027,0.0,0.0,7,0.92,0.0,0.0,0.0
ST009,SKU0028,0.0,0.0,7,0.92,0.0,0.0,0.0
ST009,SKU0029,0.0,0.0,7,0.92,0.0,0.0,0.0
ST009,SKU0030,0.0,0.0,7,0.92,0.0,0.0,0.0
ST009,SKU0031,0.0,0.0,7,0.92,0.0,0.0,0.0
ST009,SKU0032,0.0,0.0,7,0.92,0.0,0.0,0.0
ST009,SKU0033,0.0,0.0,7,0.9,0.0,0.0,0.0
ST009,SKU0034,0.0,0.0,7,0.92,0.0,0.0,0.0
ST009,SKU0035,0.0,0.0,7,0.92,0.0,0.0,0.0
ST009,SKU0036,0.0,0.0,7,0.9,0.0,0.0,0.0
ST009,SKU0037,0.0,0.0,7,0.92,0.0,0.0,0.0
ST009,SKU0038,0.0,0.0,7,0.9,0.0,0.0,0.0
ST009,SKU0039,0.0,0.0,7,0.92,0.0,0.0,0.0
ST009,SKU0040,3.3448275862068964,5.472501791874441,7,0.92,20.415219094823723,43.829012198272,44.0
ST009,SKU0041,0.0,0.0,7,0.92,0.0,0.0,0.0
ST009,SKU0042,0.0,0.0,7,0.92,0.0,0.0,0.0
ST009,SKU0043,0.0,0.0,7,0.92,0.0,0.0,0.0
ST009,SKU0044,0.0,0.0,7,0.9,0.0,0.0,0.0
ST009,SKU0045,0.0,0.0,7,0.92,0.0,0.0,0.0
ST009,SKU0046,0.0,0.0,7,0.92,0.0,0.0,0.0
ST009,SKU0047,0.0,0.0,7,0.92,0.0,0.0,0.0
ST009,SKU0048,0.0,0.0,7,0.9,0.0,0.0,0.0
ST009,SKU0049,0.0,0.0,7,0.92,0.0,0.0,0.0
ST009,SKU0050,0.0,0.0,7,0.92,0.0,0.0,0.0
ST009,SKU0051,0.0,0.0,7,0.9,0.0,0.0,0.0
ST009,SKU0052,0.0,0.0,7,0.92,0.0,0.0,0.0
ST009,SKU0053,0.0,0.0,7,0.92,0.0,0.0,0.0
ST009,SKU0054,0.0,0.0,7,0.92,0.0,0.0,0.0
ST009,SKU0055,0.0,0.0,7,0.9,0.0,0.0,0.0
ST009,SKU0056,0.0,0.0,7,0.92,0.0,0.0,0.0
ST009,SKU0057,0.0,0.0,7,0.92,0.0,0.0,0.0
ST009,SKU0058,0.0,0.0,7,0.92,0.0,0.0,0.0
ST009,SKU0059,0.0,0.0,7,0.92,0.0,0.0,0.0
ST009,SKU0060,0.0,0.0,7,0.9,0.0,0.0,0.0
ST009,SKU0061,0.0,0.0,7,0.92,0.0,0.0,0.0
ST009,SKU0062,0.0,0.0,7,0.9,0.0,0.0,0.0
ST009,SKU0063,0.0,0.0,7,0.92,0.0,0.0,0.0
ST009,SKU0064,0.0,0.0,7,0.92,0.0,0.0,0.0
ST009,SKU0065,0.0,0.0,7,0.92,0.0,0.0,0.0
ST009,SKU0066,0.0,0.0,7,0.92,0.0,0.0,0.0
ST009,SKU0067,0.0,0.0,7,0.92,0.0,0.0,0.0
ST009,SKU0068,0.0,0.0,7,0.92,0.0,0.0,0.0
ST009,SKU0069,0.0,0.0,7,0.9,0.0,0.0,0.0
ST009,SKU0070,0.0,0.0,7,0.92,0.0,0.0,0.0
ST009,SKU0071,0.0,0.0,7,0.9,0.0,0.0,0.0
ST009,SKU0072,0.0,0.0,7,0.92,0.0,0.0,0.0
ST009,SKU0073,0.0,0.0,7,0.92,0.0,0.0,0.0
ST009,SKU0074,0.0,0.0,7,0.9,0.0,0.0,0.0
ST009,SKU0075,0.0,0.0,7,0.92,0.0,0.0,0.0
ST009,SKU0076,0.0,0.0,7,0.92,0.0,0.0,0.0
ST009,SKU0077,0.0,0.0,7,0.9,0.0,0.0,0.0
ST009,SKU0078,0.0,0.0,7,0.92,0.0,0.0,0.0
ST009,SKU0079,0.0,0.0,7,0.92,0.0,0.0,0.0
ST009,SKU0080,0.0,0.0,7,0.92,0.0,0.0,0.0
ST009,SKU0081,0.0,0.0,7,0.92,0.0,0.0,0.0
ST009,SKU0082,0.0,0.0,7,0.9,0.0,0.0,0.0
ST009,SKU0083,0.0,0.0,7,0.92,0.0,0.0,0.0
ST009,SKU0084,0.0,0.0,7,0.92,0.0,0.0,0.0
ST009,SKU0085,0.0,0.0,7,0.9,0.0,0.0,0.0
ST009,SKU0086,0.0,0.0,7,0.92,0.0,0.0,0.0
ST009,SKU0087,0.0,0.0,7,0.92,0.0,0.0,0.0
ST009,SKU0088,0.0,0.0,7,0.92,0.0,0.0,0.0
ST009,SKU0089,0.0,0.0,7,0.92,0.0,0.0,0.0
ST009,SKU0090,0.0,0.0,7,0.92,0.0,0.0,0.0
ST010,SKU0001,0.0,0.0,7,0.92,0.0,0.0,0.0
ST010,SKU0002,0.0,0.0,7,0.92,0.0,0.0,0.0
ST010,SKU0003,0.0,0.0,7,0.92,0.0,0.0,0.0
ST010,SKU0004,0.0,0.0,7,0.92,0.0,0.0,0.0
ST010,SKU0005,0.0,0.0,7,0.92,0.0,0.0,0.0
ST010,SKU0006,0.0,0.0,7,0.92,0.0,0.0,0.0
ST010,SKU0007,0.0,0.0,7,0.92,0.0,0.0,0.0
ST010,SKU0008,0.0,0.0,7,0.92,0.0,0.0,0.0
ST010,SKU0009,0.0,0.0,7,0.92,0.0,0.0,0.0
ST010,SKU0010,0.0,0.0,7,0.92,0.0,0.0,0.0
ST010,SKU0011,0.0,0.0,7,0.92,0.0,0.0,0.0
ST010,SKU0012,0.0,0.0,7,0.92,0.0,0.0,0.0
ST010,SKU0013,0.0,0.0,7,0.92,0.0,0.0,0.0
ST010,SKU0014,0.0,0.0,7,0.92,0.0,0.0,0.0
ST010,SKU0015,0.0,0.0,7,0.92,0.0,0.0,0.0
ST010,SKU0016,0.0,0.0,7,0.92,0.0,0.0,0.0
ST010,SKU0017,0.0,0.0,7,0.92,0.0,0.0,0.0
ST010,SKU0018,0.0,0.0,7,0.92,0.0,0.0,0.0
ST010,SKU0019,0.0,0.0,7,0.9,0.0,0.0,0.0
ST010,SKU0020,0.0,0.0,7,0.92,0.0,0.0,0.0
ST010,SKU0021,0.0,0.0,7,0.92,0.0,0.0,0.0
ST010,SKU0022,0.0,0.0,7,0.92,0.0,0.0,0.0
ST010,SKU0023,0.0,0.0,7,0.92,0.0,0.0,0.0
ST010,SKU0024,0.0,0.0,7,0.92,0.0,0.0,0.0
ST010,SKU0025,0.0,0.0,7,0.92,0.0,0.0,0.0
ST010,SKU0026,0.0,0.0,7,0.92,0.0,0.0,0.0
ST010,SKU0027,0.0,0.0,7,0.92,0.0,0.0,0.0
ST010,SKU0028,0.0,0.0,7,0.92,0.0,0.0,0.0
ST010,SKU0029,0.0,0.0,7,0.92,0.0,0.0,0.0
ST010,SKU0030,0.0,0.0,7,0.92,0.0,0.0,0.0
ST010,SKU0031,0.0,0.0,7,0.92,0.0,0.0,0.0
ST010,SKU0032,0.0,0.0,7,0.92,0.0,0.0,0.0
ST010,SKU0033,0.0,0.0,7,0.9,0.0,0.0,0.0
ST010,SKU0034,0.0,0.0,7,0.92,0.0,0.0,0.0
ST010,SKU0035,0.0,0.0,7,0.92,0.0,0.0,0.0
ST010,SKU0036,0.0,0.0,7,0.9,0.0,0.0,0.0
ST010,SKU0037,0.0,0.0,7,0.92,0.0,0.0,0.0
ST010,SKU0038,0.0,0.0,7,0.9,0.0,0.0,0.0
ST010,SKU0039,0.0,0.0,7,0.92,0.0,0.0,0.0
ST010,SKU0040,0.0,0.0,7,0.92,0.0,0.0,0.0
ST010,SKU0041,0.0,0.0,7,0.92,0.0,0.0,0.0
ST010,SKU0042,0.0,0.0,7,0.92,0.0,0.0,0.0
ST010,SKU0043,0.0,0.0,7,0.92,0.0,0.0,0.0
ST010,SKU0044,0.0,0.0,7,0.9,0.0,0.0,0.0
ST010,SKU0045,1.4827586206896552,2.8236335463265925,7,0.92,10.533591341594954,20.912901686422543,21.0
ST010,SKU0046,0.0,0.0,7,0.92,0.0,0.0,0.0
ST010,SKU0047,0.0,0.0,7,0.92,0.0,0.0,0.0
ST010,SKU0048,0.0,0.0,7,0.9,0.0,0.0,0.0
ST010,SKU0049,0.0,0.0,7,0.92,0.0,0.0,0.0
ST010,SKU0050,0.0,0.0,7,0.92,0.0,0.0,0.0
ST010,SKU0051,0.0,0.0,7,0.9,0.0,0.0,0.0
ST010,SKU0052,0.0,0.0,7,0.92,0.0,0.0,0.0
ST010,SKU0053,0.0,0.0,7,0.92,0.0,0.0,0.0
ST010,SKU0054,0.0,0.0,7,0.92,0.0,0.0,0.0
ST010,SKU0055,0.0,0.0,7,0.9,0.0,0.0,0.0
ST010,SKU0056,0.0,0.0,7,0.92,0.0,0.0,0.0
ST010,SKU0057,0.0,0.0,7,0.92,0.0,0.0,0.0
ST010,SKU0058,0.0,0.0,7,0.92,0.0,0.0,0.0
ST010,SKU0059,0.0,0.0,7,0.92,0.0,0.0,0.0
ST010,SKU0060,0.0,0.0,7,0.9,0.0,0.0,0.0
ST010,SKU0061,0.0,0.0,7,0.92,0.0,0.0,0.0
ST010,SKU0062,0.0,0.0,7,0.9,0.0,0.0,0.0
ST010,SKU0063,0.0,0.0,7,0.92,0.0,0.0,0.0
ST010,SKU0064,0.0,0.0,7,0.92,0.0,0.0,0.0
ST010,SKU0065,0.0,0.0,7,0.92,0.0,0.0,0.0
ST010,SKU0066,0.0,0.0,7,0.92,0.0,0.0,0.0
ST010,SKU0067,0.0,0.0,7,0.92,0.0,0.0,0.0
ST010,SKU0068,0.0,0.0,7,0.92,0.0,0.0,0.0
ST010,SKU0069,0.0,0.0,7,0.9,0.0,0.0,0.0
ST010,SKU0070,0.0,0.0,7,0.92,0.0,0.0,0.0
ST010,SKU0071,0.0,0.0,7,0.9,0.0,0.0,0.0
ST010,SKU0072,0.0,0.0,7,0.92,0.0,0.0,0.0
ST010,SKU0073,0.0,0.0,7,0.92,0.0,0.0,0.0
ST010,SKU0074,0.0,0.0,7,0.9,0.0,0.0,0.0
ST010,SKU0075,0.0,0.0,7,0.92,0.0,0.0,0.0
ST010,SKU0076,0.0,0.0,7,0.92,0.0,0.0,0.0
ST010,SKU0077,0.0,0.0,7,0.9,0.0,0.0,0.0
ST010,SKU0078,0.0,0.0,7,0.92,0.0,0.0,0.0
ST010,SKU0079,0.0,0.0,7,0.92,0.0,0.0,0.0
ST010,SKU0080,0.0,0.0,7,0.92,0.0,0.0,0.0
ST010,SKU0081,0.0,0.0,7,0.92,0.0,0.0,0.0
ST010,SKU0082,0.0,0.0,7,0.9,0.0,0.0,0.0
ST010,SKU0083,0.0,0.0,7,0.92,0.0,0.0,0.0
ST010,SKU0084,0.0,0.0,7,0.92,0.0,0.0,0.0
ST010,SKU0085,0.0,0.0,7,0.9,0.0,0.0,0.0
ST010,SKU0086,0.0,0.0,7,0.92,0.0,0.0,0.0
ST010,SKU0087,0.0,0.0,7,0.92,0.0,0.0,0.0
ST010,SKU0088,0.0,0.0,7,0.92,0.0,0.0,0.0
ST010,SKU0089,0.0,0.0,7,0.92,0.0,0.0,0.0
ST010,SKU0090,0.0,0.0,7,0.92,0.0,0.0,0.0
ST011,SKU0001,0.0,0.0,7,0.92,0.0,0.0,0.0
ST011,SKU0002,0.0,0.0,7,0.92,0.0,0.0,0.0
ST011,SKU0003,0.0,0.0,7,0.92,0.0,0.0,0.0
ST011,SKU0004,0.0,0.0,7,0.92,0.0,0.0,0.0
ST011,SKU0005,0.0,0.0,7,0.92,0.0,0.0,0.0
ST011,SKU0006,0.0,0.0,7,0.92,0.0,0.0,0.0
ST011,SKU0007,0.0,0.0,7,0.92,0.0,0.0,0.0
ST011,SKU0008,0.0,0.0,7,0.92,0.0,0.0,0.0
ST011,SKU0009,0.0,0.0,7,0.92,0.0,0.0,0.0
ST011,SKU0010,0.0,0.0,7,0.92,0.0,0.0,0.0
ST011,SKU0011,0.0,0.0,7,0.92,0.0,0.0,0.0
ST011,SKU0012,0.0,0.0,7,0.92,0.0,0.0,0.0
ST011,SKU0013,0.0,0.0,7,0.92,0.0,0.0,0.0
ST011,SKU0014,0.0,0.0,7,0.92,0.0,0.0,0.0
ST011,SKU0015,0.0,0.0,7,0.92,0.0,0.0,0.0
ST011,SKU0016,0.0,0.0,7,0.92,0.0,0.0,0.0
ST011,SKU0017,0.0,0.0,7,0.92,0.0,0.0,0.0
ST011,SKU0018,0.0,0.0,7,0.92,0.0,0.0,0.0
ST011,SKU0019,0.0,0.0,7,0.9,0.0,0.0,0.0
ST011,SKU0020,0.0,0.0,7,0.92,0.0,0.0,0.0
ST011,SKU0021,0.0,0.0,7,0.92,0.0,0.0,0.0
ST011,SKU0022,0.0,0.0,7,0.92,0.0,0.0,0.0
ST011,SKU0023,0.0,0.0,7,0.92,0.0,0.0,0.0
ST011,SKU0024,0.0,0.0,7,0.92,0.0,0.0,0.0
ST011,SKU0025,0.0,0.0,7,0.92,0.0,0.0,0.0
ST011,SKU0026,0.0,0.0,7,0.92,0.0,0.0,0.0
ST011,SKU0027,0.0,0.0,7,0.92,0.0,0.0,0.0
ST011,SKU0028,0.0,0.0,7,0.92,0.0,0.0,0.0
ST011,SKU0029,0.0,0.0,7,0.92,0.0,0.0,0.0
ST011,SKU0030,0.0,0.0,7,0.92,0.0,0.0,0.0
ST011,SKU0031,0.0,0.0,7,0.92,0.0,0.0,0.0
ST011,SKU0032,0.0,0.0,7,0.92,0.0,0.0,0.0
ST011,SKU0033,0.0,0.0,7,0.9,0.0,0.0,0.0
ST011,SKU0034,0.0,0.0,7,0.92,0.0,0.0,0.0
ST011,SKU0035,0.0,0.0,7,0.92,0.0,0.0,0.0
ST011,SKU0036,0.0,0.0,7,0.9,0.0,0.0,0.0
ST011,SKU0037,0.0,0.0,7,0.92,0.0,0.0,0.0
ST011,SKU0038,0.0,0.0,7,0.9,0.0,0.0,0.0
ST011,SKU0039,0.0,0.0,7,0.92,0.0,0.0,0.0
ST011,SKU0040,0.0,0.0,7,0.92,0.0,0.0,0.0
ST011,SKU0041,0.0,0.0,7,0.92,0.0,0.0,0.0
ST011,SKU0042,0.0,0.0,7,0.92,0.0,0.0,0.0
ST011,SKU0043,0.0,0.0,7,0.92,0.0,0.0,0.0
ST011,SKU0044,0.0,0.0,7,0.9,0.0,0.0,0.0
ST011,SKU0045,0.0,0.0,7,0.92,0.0,0.0,0.0
ST011,SKU0046,0.0,0.0,7,0.92,0.0,0.0,0.0
ST011,SKU0047,0.0,0.0,7,0.92,0.0,0.0,0.0
ST011,SKU0048,0.0,0.0,7,0.9,0.0,0.0,0.0
ST011,SKU0049,0.0,0.0,7,0.92,0.0,0.0,0.0
ST011,SKU0050,0.0,0.0,7,0.92,0.0,0.0,0.0
ST011,SKU0051,0.0,0.0,7,0.9,0.0,0.0,0.0
ST011,SKU0052,0.0,0.0,7,0.92,0.0,0.0,0.0
ST011,SKU0053,0.0,0.0,7,0.92,0.0,0.0,0.0
ST011,SKU0054,0.0,0.0,7,0.92,0.0,0.0,0.0
ST011,SKU0055,0.0,0.0,7,0.9,0.0,0.0,0.0
ST011,SKU0056,0.0,0.0,7,0.92,0.0,0.0,0.0
ST011,SKU0057,0.0,0.0,7,0.92,0.0,0.0,0.0
ST011,SKU0058,0.0,0.0,7,0.92,0.0,0.0,0.0
ST011,SKU0059,0.0,0.0,7,0.92,0.0,0.0,0.0
ST011,SKU0060,0.0,0.0,7,0.9,0.0,0.0,0.0
ST011,SKU0061,0.0,0.0,7,0.92,0.0,0.0,0.0
ST011,SKU0062,0.0,0.0,7,0.9,0.0,0.0,0.0
ST011,SKU0063,0.0,0.0,7,0.92,0.0,0.0,0.0
ST011,SKU0064,0.0,0.0,7,0.92,0.0,0.0,0.0
ST011,SKU0065,0.0,0.0,7,0.92,0.0,0.0,0.0
ST011,SKU0066,0.0,0.0,7,0.92,0.0,0.0,0.0
ST011,SKU0067,0.0,0.0,7,0.92,0.0,0.0,0.0
ST011,SKU0068,0.0,0.0,7,0.92,0.0,0.0,0.0
ST011,SKU0069,0.0,0.0,7,0.9,0.0,0.0,0.0
ST011,SKU0070,0.0,0.0,7,0.92,0.0,0.0,0.0
ST011,SKU0071,0.0,0.0,7,0.9,0.0,0.0,0.0
ST011,SKU0072,0.0,0.0,7,0.92,0.0,0.0,0.0
ST011,SKU0073,0.0,0.0,7,0.92,0.0,0.0,0.0
ST011,SKU0074,0.0,0.0,7,0.9,0.0,0.0,0.0
ST011,SKU0075,0.0,0.0,7,0.92,0.0,0.0,0.0
ST011,SKU0076,0.0,0.0,7,0.92,0.0,0.0,0.0
ST011,SKU0077,0.0,0.0,7,0.9,0.0,0.0,0.0
ST011,SKU0078,0.0,0.0,7,0.92,0.0,0.0,0.0
ST011,SKU0079,0.0,0.0,7,0.92,0.0,0.0,0.0
ST011,SKU0080,0.0,0.0,7,0.92,0.0,0.0,0.0
ST011,SKU0081,0.0,0.0,7,0.92,0.0,0.0,0.0
ST011,SKU0082,0.0,0.0,7,0.9,0.0,0.0,0.0
ST011,SKU0083,0.0,0.0,7,0.92,0.0,0.0,0.0
ST011,SKU0084,0.0,0.0,7,0.92,0.0,0.0,0.0
ST011,SKU0085,0.0,0.0,7,0.9,0.0,0.0,0.0
ST011,SKU0086,0.0,0.0,7,0.92,0.0,0.0,0.0
ST011,SKU0087,0.0,0.0,7,0.92,0.0,0.0,0.0
ST011,SKU0088,0.0,0.0,7,0.92,0.0,0.0,0.0
ST011,SKU0089,0.0,0.0,7,0.92,0.0,0.0,0.0
ST011,SKU0090,0.0,0.0,7,0.92,0.0,0.0,0.0
ST012,SKU0001,0.0,0.0,7,0.92,0.0,0.0,0.0
ST012,SKU0002,0.0,0.0,7,0.92,0.0,0.0,0.0
ST012,SKU0003,0.0,0.0,7,0.92,0.0,0.0,0.0
ST012,SKU0004,0.0,0.0,7,0.92,0.0,0.0,0.0
ST012,SKU0005,0.0,0.0,7,0.92,0.0,0.0,0.0
ST012,SKU0006,0.0,0.0,7,0.92,0.0,0.0,0.0
ST012,SKU0007,0.0,0.0,7,0.92,0.0,0.0,0.0
ST012,SKU0008,0.0,0.0,7,0.92,0.0,0.0,0.0
ST012,SKU0009,0.0,0.0,7,0.92,0.0,0.0,0.0
ST012,SKU0010,0.0,0.0,7,0.92,0.0,0.0,0.0
ST012,SKU0011,0.0,0.0,7,0.92,0.0,0.0,0.0
ST012,SKU0012,0.0,0.0,7,0.92,0.0,0.0,0.0
ST012,SKU0013,0.0,0.0,7,0.92,0.0,0.0,0.0
ST012,SKU0014,0.0,0.0,7,0.92,0.0,0.0,0.0
ST012,SKU0015,0.0,0.0,7,0.92,0.0,0.0,0.0
ST012,SKU0016,0.0,0.0,7,0.92,0.0,0.0,0.0
ST012,SKU0017,0.0,0.0,7,0.92,0.0,0.0,0.0
ST012,SKU0018,0.0,0.0,7,0.92,0.0,0.0,0.0
ST012,SKU0019,0.0,0.0,7,0.9,0.0,0.0,0.0
ST012,SKU0020,0.0,0.0,7,0.92,0.0,0.0,0.0
ST012,SKU0021,0.0,0.0,7,0.92,0.0,0.0,0.0
ST012,SKU0022,0.0,0.0,7,0.92,0.0,0.0,0.0
ST012,SKU0023,0.0,0.0,7,0.92,0.0,0.0,0.0
ST012,SKU0024,0.0,0.0,7,0.92,0.0,0.0,0.0
ST012,SKU0025,0.0,0.0,7,0.92,0.0,0.0,0.0
ST012,SKU0026,0.0,0.0,7,0.92,0.0,0.0,0.0
ST012,SKU0027,0.0,0.0,7,0.92,0.0,0.0,0.0
ST012,SKU0028,0.0,0.0,7,0.92,0.0,0.0,0.0
ST012,SKU0029,0.0,0.0,7,0.92,0.0,0.0,0.0
ST012,SKU0030,0.0,0.0,7,0.92,0.0,0.0,0.0
ST012,SKU0031,0.0,0.0,7,0.92,0.0,0.0,0.0
ST012,SKU0032,0.0,0.0,7,0.92,0.0,0.0,0.0
ST012,SKU0033,0.0,0.0,7,0.9,0.0,0.0,0.0
ST012,SKU0034,0.0,0.0,7,0.92,0.0,0.0,0.0
ST012,SKU0035,0.0,0.0,7,0.92,0.0,0.0,0.0
ST012,SKU0036,0.0,0.0,7,0.9,0.0,0.0,0.0
ST012,SKU0037,0.0,0.0,7,0.92,0.0,0.0,0.0
ST012,SKU0038,0.0,0.0,7,0.9,0.0,0.0,0.0
ST012,SKU0039,0.0,0.0,7,0.92,0.0,0.0,0.0
ST012,SKU0040,0.0,0.0,7,0.92,0.0,0.0,0.0
ST012,SKU0041,0.0,0.0,7,0.92,0.0,0.0,0.0
ST012,SKU0042,0.0,0.0,7,0.92,0.0,0.0,0.0
ST012,SKU0043,1.7241379310344827,2.7761297793374387,7,0.92,10.356378094748148,22.425343611989526,22.0
ST012,SKU0044,0.0,0.0,7,0.9,0.0,0.0,0.0
ST012,SKU0045,0.0,0.0,7,0.92,0.0,0.0,0.0
ST012,SKU0046,0.0,0.0,7,0.92,0.0,0.0,0.0
ST012,SKU0047,0.0,0.0,7,0.92,0.0,0.0,0.0
ST012,SKU0048,0.0,0.0,7,0.9,0.0,0.0,0.0
ST012,SKU0049,0.0,0.0,7,0.92,0.0,0.0,0.0
ST012,SKU0050,0.0,0.0,7,0.92,0.0,0.0,0.0
ST012,SKU0051,0.0,0.0,7,0.9,0.0,0.0,0.0
ST012,SKU0052,0.0,0.0,7,0.92,0.0,0.0,0.0
ST012,SKU0053,0.0,0.0,7,0.92,0.0,0.0,0.0
ST012,SKU0054,0.0,0.0,7,0.92,0.0,0.0,0.0
ST012,SKU0055,0.0,0.0,7,0.9,0.0,0.0,0.0
ST012,SKU0056,0.0,0.0,7,0.92,0.0,0.0,0.0
ST012,SKU0057,0.0,0.0,7,0.92,0.0,0.0,0.0
ST012,SKU0058,0.0,0.0,7,0.92,0.0,0.0,0.0
ST012,SKU0059,0.0,0.0,7,0.92,0.0,0.0,0.0
ST012,SKU0060,0.0,0.0,7,0.9,0.0,0.0,0.0
ST012,SKU0061,0.0,0.0,7,0.92,0.0,0.0,0.0
ST012,SKU0062,0.0,0.0,7,0.9,0.0,0.0,0.0
ST012,SKU0063,0.0,0.0,7,0.92,0.0,0.0,0.0
ST012,SKU0064,0.0,0.0,7,0.92,0.0,0.0,0.0
ST012,SKU0065,0.0,0.0,7,0.92,0.0,0.0,0.0
ST012,SKU0066,0.0,0.0,7,0.92,0.0,0.0,0.0
ST012,SKU0067,0.0,0.0,7,0.92,0.0,0.0,0.0
ST012,SKU0068,0.0,0.0,7,0.92,0.0,0.0,0.0
ST012,SKU0069,0.0,0.0,7,0.9,0.0,0.0,0.0
ST012,SKU0070,0.0,0.0,7,0.92,0.0,0.0,0.0
ST012,SKU0071,0.0,0.0,7,0.9,0.0,0.0,0.0
ST012,SKU0072,0.0,0.0,7,0.92,0.0,0.0,0.0
ST012,SKU0073,0.0,0.0,7,0.92,0.0,0.0,0.0
ST012,SKU0074,0.0,0.0,7,0.9,0.0,0.0,0.0
ST012,SKU0075,0.0,0.0,7,0.92,0.0,0.0,0.0
ST012,SKU0076,0.0,0.0,7,0.92,0.0,0.0,0.0
ST012,SKU0077,0.0,0.0,7,0.9,0.0,0.0,0.0
ST012,SKU0078,0.0,0.0,7,0.92,0.0,0.0,0.0
ST012,SKU0079,0.0,0.0,7,0.92,0.0,0.0,0.0
ST012,SKU0080,0.0,0.0,7,0.92,0.0,0.0,0.0
ST012,SKU0081,0.0,0.0,7,0.92,0.0,0.0,0.0
ST012,SKU0082,0.0,0.0,7,0.9,0.0,0.0,0.0
ST012,SKU0083,0.0,0.0,7,0.92,0.0,0.0,0.0
ST012,SKU0084,0.0,0.0,7,0.92,0.0,0.0,0.0
ST012,SKU0085,0.0,0.0,7,0.9,0.0,0.0,0.0
ST012,SKU0086,0.0,0.0,7,0.92,0.0,0.0,0.0
ST012,SKU0087,0.0,0.0,7,0.92,0.0,0.0,0.0
ST012,SKU0088,0.0,0.0,7,0.92,0.0,0.0,0.0
ST012,SKU0089,0.0,0.0,7,0.92,0.0,0.0,0.0
ST012,SKU0090,0.0,0.0,7,0.92,0.0,0.0,0.0
ST013,SKU0001,0.0,0.0,7,0.92,0.0,0.0,0.0
ST013,SKU0002,0.0,0.0,7,0.92,0.0,0.0,0.0
ST013,SKU0003,0.0,0.0,7,0.92,0.0,0.0,0.0
ST013,SKU0004,0.0,0.0,7,0.92,0.0,0.0,0.0
ST013,SKU0005,0.0,0.0,7,0.92,0.0,0.0,0.0
ST013,SKU0006,0.0,0.0,7,0.92,0.0,0.0,0.0
ST013,SKU0007,0.0,0.0,7,0.92,0.0,0.0,0.0
ST013,SKU0008,0.0,0.0,7,0.92,0.0,0.0,0.0
ST013,SKU0009,0.0,0.0,7,0.92,0.0,0.0,0.0
ST013,SKU0010,0.0,0.0,7,0.92,0.0,0.0,0.0
ST013,SKU0011,0.0,0.0,7,0.92,0.0,0.0,0.0
ST013,SKU0012,0.0,0.0,7,0.92,0.0,0.0,0.0
ST013,SKU0013,0.0,0.0,7,0.92,0.0,0.0,0.0
ST013,SKU0014,0.0,0.0,7,0.92,0.0,0.0,0.0
ST013,SKU0015,0.0,0.0,7,0.92,0.0,0.0,0.0
ST013,SKU0016,0.0,0.0,7,0.92,0.0,0.0,0.0
ST013,SKU0017,0.0,0.0,7,0.92,0.0,0.0,0.0
ST013,SKU0018,0.0,0.0,7,0.92,0.0,0.0,0.0
ST013,SKU0019,0.0,0.0,7,0.9,0.0,0.0,0.0
ST013,SKU0020,0.0,0.0,7,0.92,0.0,0.0,0.0
ST013,SKU0021,0.0,0.0,7,0.92,0.0,0.0,0.0
ST013,SKU0022,0.0,0.0,7,0.92,0.0,0.0,0.0
ST013,SKU0023,0.0,0.0,7,0.92,0.0,0.0,0.0
ST013,SKU0024,0.0,0.0,7,0.92,0.0,0.0,0.0
ST013,SKU0025,0.0,0.0,7,0.92,0.0,0.0,0.0
ST013,SKU0026,0.0,0.0,7,0.92,0.0,0.0,0.0
ST013,SKU0027,0.0,0.0,7,0.92,0.0,0.0,0.0
ST013,SKU0028,0.0,0.0,7,0.92,0.0,0.0,0.0
ST013,SKU0029,0.0,0.0,7,0.92,0.0,0.0,0.0
ST013,SKU0030,0.0,0.0,7,0.92,0.0,0.0,0.0
ST013,SKU0031,0.0,0.0,7,0.92,0.0,0.0,0.0
ST013,SKU0032,0.0,0.0,7,0.92,0.0,0.0,0.0
ST013,SKU0033,0.0,0.0,7,0.9,0.0,0.0,0.0
ST013,SKU0034,0.0,0.0,7,0.92,0.0,0.0,0.0
ST013,SKU0035,0.0,0.0,7,0.92,0.0,0.0,0.0
ST013,SKU0036,0.0,0.0,7,0.9,0.0,0.0,0.0
ST013,SKU0037,0.0,0.0,7,0.92,0.0,0.0,0.0
ST013,SKU0038,0.0,0.0,7,0.9,0.0,0.0,0.0
ST013,SKU0039,0.0,0.0,7,0.92,0.0,0.0,0.0
ST013,SKU0040,0.0,0.0,7,0.92,0.0,0.0,0.0
ST013,SKU0041,0.0,0.0,7,0.92,0.0,0.0,0.0
ST013,SKU0042,0.0,0.0,7,0.92,0.0,0.0,0.0
ST013,SKU0043,0.0,0.0,7,0.92,0.0,0.0,0.0
ST013,SKU0044,0.0,0.0,7,0.9,0.0,0.0,0.0
ST013,SKU0045,0.0,0.0,7,0.92,0.0,0.0,0.0
ST013,SKU0046,0.0,0.0,7,0.92,0.0,0.0,0.0
ST013,SKU0047,0.0,0.0,7,0.92,0.0,0.0,0.0
ST013,SKU0048,0.0,0.0,7,0.9,0.0,0.0,0.0
ST013,SKU0049,0.0,0.0,7,0.92,0.0,0.0,0.0
ST013,SKU0050,0.0,0.0,7,0.92,0.0,0.0,0.0
ST013,SKU0051,0.0,0.0,7,0.9,0.0,0.0,0.0
ST013,SKU0052,0.0,0.0,7,0.92,0.0,0.0,0.0
ST013,SKU0053,0.0,0.0,7,0.92,0.0,0.0,0.0
ST013,SKU0054,0.0,0.0,7,0.92,0.0,0.0,0.0
ST013,SKU0055,0.0,0.0,7,0.9,0.0,0.0,0.0
ST013,SKU0056,0.0,0.0,7,0.92,0.0,0.0,0.0
ST013,SKU0057,0.0,0.0,7,0.92,0.0,0.0,0.0
ST013,SKU0058,0.0,0.0,7,0.92,0.0,0.0,0.0
ST013,SKU0059,0.0,0.0,7,0.92,0.0,0.0,0.0
ST013,SKU0060,0.0,0.0,7,0.9,0.0,0.0,0.0
ST013,SKU0061,0.0,0.0,7,0.92,0.0,0.0,0.0
ST013,SKU0062,0.0,0.0,7,0.9,0.0,0.0,0.0
ST013,SKU0063,0.0,0.0,7,0.92,0.0,0.0,0.0
ST013,SKU0064,2.4482758620689653,2.6670771441056664,7,0.92,9.949556219526439,27.087487254009197,27.0
ST013,SKU0065,0.0,0.0,7,0.92,0.0,0.0,0.0
ST013,SKU0066,0.0,0.0,7,0.92,0.0,0.0,0.0
ST013,SKU0067,0.0,0.0,7,0.92,0.0,0.0,0.0
ST013,SKU0068,0.0,0.0,7,0.92,0.0,0.0,0.0
ST013,SKU0069,0.0,0.0,7,0.9,0.0,0.0,0.0
ST013,SKU0070,0.0,0.0,7,0.92,0.0,0.0,0.0
ST013,SKU0071,0.0,0.0,7,0.9,0.0,0.0,0.0
ST013,SKU0072,0.0,0.0,7,0.92,0.0,0.0,0.0
ST013,SKU0073,0.0,0.0,7,0.92,0.0,0.0,0.0
ST013,SKU0074,0.0,0.0,7,0.9,0.0,0.0,0.0
ST013,SKU0075,0.0,0.0,7,0.92,0.0,0.0,0.0
ST013,SKU0076,0.0,0.0,7,0.92,0.0,0.0,0.0
ST013,SKU0077,0.0,0.0,7,0.9,0.0,0.0,0.0
ST013,SKU0078,0.0,0.0,7,0.92,0.0,0.0,0.0
ST013,SKU0079,0.0,0.0,7,0.92,0.0,0.0,0.0
ST013,SKU0080,0.0,0.0,7,0.92,0.0,0.0,0.0
ST013,SKU0081,0.0,0.0,7,0.92,0.0,0.0,0.0
ST013,SKU0082,0.0,0.0,7,0.9,0.0,0.0,0.0
ST013,SKU0083,0.0,0.0,7,0.92,0.0,0.0,0.0
ST013,SKU0084,0.0,0.0,7,0.92,0.0,0.0,0.0
ST013,SKU0085,0.0,0.0,7,0.9,0.0,0.0,0.0
ST013,SKU0086,0.0,0.0,7,0.92,0.0,0.0,0.0
ST013,SKU0087,0.0,0.0,7,0.92,0.0,0.0,0.0
ST013,SKU0088,0.0,0.0,7,0.92,0.0,0.0,0.0
ST013,SKU0089,0.0,0.0,7,0.92,0.0,0.0,0.0
ST013,SKU0090,0.0,0.0,7,0.92,0.0,0.0,0.0
ST014,SKU0001,0.0,0.0,7,0.92,0.0,0.0,0.0
ST014,SKU0002,0.0,0.0,7,0.92,0.0,0.0,0.0
ST014,SKU0003,0.0,0.0,7,0.92,0.0,0.0,0.0
ST014,SKU0004,0.0,0.0,7,0.92,0.0,0.0,0.0
ST014,SKU0005,0.0,0.0,7,0.92,0.0,0.0,0.0
ST014,SKU0006,0.0,0.0,7,0.92,0.0,0.0,0.0
ST014,SKU0007,0.0,0.0,7,0.92,0.0,0.0,0.0
ST014,SKU0008,0.0,0.0,7,0.92,0.0,0.0,0.0
ST014,SKU0009,0.0,0.0,7,0.92,0.0,0.0,0.0
ST014,SKU0010,0.0,0.0,7,0.92,0.0,0.0,0.0
ST014,SKU0011,0.0,0.0,7,0.92,0.0,0.0,0.0
ST014,SKU0012,0.0,0.0,7,0.92,0.0,0.0,0.0
ST014,SKU0013,0.0,0.0,7,0.92,0.0,0.0,0.0
ST014,SKU0014,0.0,0.0,7,0.92,0.0,0.0,0.0
ST014,SKU0015,0.0,0.0,7,0.92,0.0,0.0,0.0
ST014,SKU0016,0.0,0.0,7,0.92,0.0,0.0,0.0
ST014,SKU0017,0.0,0.0,7,0.92,0.0,0.0,0.0
ST014,SKU0018,0.0,0.0,7,0.92,0.0,0.0,0.0
ST014,SKU0019,0.0,0.0,7,0.9,0.0,0.0,0.0
ST014,SKU0020,0.0,0.0,7,0.92,0.0,0.0,0.0
ST014,SKU0021,0.0,0.0,7,0.92,0.0,0.0,0.0
ST014,SKU0022,0.0,0.0,7,0.92,0.0,0.0,0.0
ST014,SKU0023,0.0,0.0,7,0.92,0.0,0.0,0.0
ST014,SKU0024,0.0,0.0,7,0.92,0.0,0.0,0.0
ST014,SKU0025,0.0,0.0,7,0.92,0.0,0.0,0.0
ST014,SKU0026,0.0,0.0,7,0.92,0.0,0.0,0.0
ST014,SKU0027,0.0,0.0,7,0.92,0.0,0.0,0.0
ST014,SKU0028,0.0,0.0,7,0.92,0.0,0.0,0.0
ST014,SKU0029,0.0,0.0,7,0.92,0.0,0.0,0.0
ST014,SKU0030,0.0,0.0,7,0.92,0.0,0.0,0.0
ST014,SKU0031,0.0,0.0,7,0.92,0.0,0.0,0.0
ST014,SKU0032,0.0,0.0,7,0.92,0.0,0.0,0.0
ST014,SKU0033,0.0,0.0,7,0.9,0.0,0.0,0.0
ST014,SKU0034,0.0,0.0,7,0.92,0.0,0.0,0.0
ST014,SKU0035,0.0,0.0,7,0.92,0.0,0.0,0.0
ST014,SKU0036,0.0,0.0,7,0.9,0.0,0.0,0.0
ST014,SKU0037,0.0,0.0,7,0.92,0.0,0.0,0.0
ST014,SKU0038,0.0,0.0,7,0.9,0.0,0.0,0.0
ST014,SKU0039,0.0,0.0,7,0.92,0.0,0.0,0.0
ST014,SKU0040,0.0,0.0,7,0.92,0.0,0.0,0.0
ST014,SKU0041,0.0,0.0,7,0.92,0.0,0.0,0.0
ST014,SKU0042,0.0,0.0,7,0.92,0.0,0.0,0.0
ST014,SKU0043,0.0,0.0,7,0.92,0.0,0.0,0.0
ST014,SKU0044,0.0,0.0,7,0.9,0.0,0.0,0.0
ST014,SKU0045,0.0,0.0,7,0.92,0.0,0.0,0.0
ST014,SKU0046,0.0,0.0,7,0.92,0.0,0.0,0.0
ST014,SKU0047,0.0,0.0,7,0.92,0.0,0.0,0.0
ST014,SKU0048,0.0,0.0,7,0.9,0.0,0.0,0.0
ST014,SKU0049,0.0,0.0,7,0.92,0.0,0.0,0.0
ST014,SKU0050,0.0,0.0,7,0.92,0.0,0.0,0.0
ST014,SKU0051,0.0,0.0,7,0.9,0.0,0.0,0.0
ST014,SKU0052,0.0,0.0,7,0.92,0.0,0.0,0.0
ST014,SKU0053,0.0,0.0,7,0.92,0.0,0.0,0.0
ST014,SKU0054,0.0,0.0,7,0.92,0.0,0.0,0.0
ST014,SKU0055,0.0,0.0,7,0.9,0.0,0.0,0.0
ST014,SKU0056,0.0,0.0,7,0.92,0.0,0.0,0.0
ST014,SKU0057,0.0,0.0,7,0.92,0.0,0.0,0.0
ST014,SKU0058,0.0,0.0,7,0.92,0.0,0.0,0.0
ST014,SKU0059,0.0,0.0,7,0.92,0.0,0.0,0.0
ST014,SKU0060,0.0,0.0,7,0.9,0.0,0.0,0.0
ST014,SKU0061,0.0,0.0,7,0.92,0.0,0.0,0.0
ST014,SKU0062,0.0,0.0,7,0.9,0.0,0.0,0.0
ST014,SKU0063,0.0,0.0,7,0.92,0.0,0.0,0.0
ST014,SKU0064,0.0,0.0,7,0.92,0.0,0.0,0.0
ST014,SKU0065,0.0,0.0,7,0.92,0.0,0.0,0.0
ST014,SKU0066,0.0,0.0,7,0.92,0.0,0.0,0.0
ST014,SKU0067,0.0,0.0,7,0.92,0.0,0.0,0.0
ST014,SKU0068,0.0,0.0,7,0.92,0.0,0.0,0.0
ST014,SKU0069,0.0,0.0,7,0.9,0.0,0.0,0.0
ST014,SKU0070,0.0,0.0,7,0.92,0.0,0.0,0.0
ST014,SKU0071,0.0,0.0,7,0.9,0.0,0.0,0.0
ST014,SKU0072,0.0,0.0,7,0.92,0.0,0.0,0.0
ST014,SKU0073,0.0,0.0,7,0.92,0.0,0.0,0.0
ST014,SKU0074,0.0,0.0,7,0.9,0.0,0.0,0.0
ST014,SKU0075,0.0,0.0,7,0.92,0.0,0.0,0.0
ST014,SKU0076,0.0,0.0,7,0.92,0.0,0.0,0.0
ST014,SKU0077,0.0,0.0,7,0.9,0.0,0.0,0.0
ST014,SKU0078,0.0,0.0,7,0.92,0.0,0.0,0.0
ST014,SKU0079,0.0,0.0,7,0.92,0.0,0.0,0.0
ST014,SKU0080,0.0,0.0,7,0.92,0.0,0.0,0.0
ST014,SKU0081,0.0,0.0,7,0.92,0.0,0.0,0.0
ST014,SKU0082,0.0,0.0,7,0.9,0.0,0.0,0.0
ST014,SKU0083,0.0,0.0,7,0.92,0.0,0.0,0.0
ST014,SKU0084,0.0,0.0,7,0.92,0.0,0.0,0.0
ST014,SKU0085,0.0,0.0,7,0.9,0.0,0.0,0.0
ST014,SKU0086,0.0,0.0,7,0.92,0.0,0.0,0.0
ST014,SKU0087,0.0,0.0,7,0.92,0.0,0.0,0.0
ST014,SKU0088,0.0,0.0,7,0.92,0.0,0.0,0.0
ST014,SKU0089,0.0,0.0,7,0.92,0.0,0.0,0.0
ST014,SKU0090,0.0,0.0,7,0.92,0.0,0.0,0.0
ST015,SKU0001,0.0,0.0,7,0.92,0.0,0.0,0.0
ST015,SKU0002,0.0,0.0,7,0.92,0.0,0.0,0.0
ST015,SKU0003,0.0,0.0,7,0.92,0.0,0.0,0.0
ST015,SKU0004,0.0,0.0,7,0.92,0.0,0.0,0.0
ST015,SKU0005,0.0,0.0,7,0.92,0.0,0.0,0.0
ST015,SKU0006,0.0,0.0,7,0.92,0.0,0.0,0.0
ST015,SKU0007,0.0,0.0,7,0.92,0.0,0.0,0.0
ST015,SKU0008,0.0,0.0,7,0.92,0.0,0.0,0.0
ST015,SKU0009,0.0,0.0,7,0.92,0.0,0.0,0.0
ST015,SKU0010,0.0,0.0,7,0.92,0.0,0.0,0.0
ST015,SKU0011,0.0,0.0,7,0.92,0.0,0.0,0.0
ST015,SKU0012,0.0,0.0,7,0.92,0.0,0.0,0.0
ST015,SKU0013,0.0,0.0,7,0.92,0.0,0.0,0.0
ST015,SKU0014,0.0,0.0,7,0.92,0.0,0.0,0.0
ST015,SKU0015,0.0,0.0,7,0.92,0.0,0.0,0.0
ST015,SKU0016,0.0,0.0,7,0.92,0.0,0.0,0.0
ST015,SKU0017,0.0,0.0,7,0.92,0.0,0.0,0.0
ST015,SKU0018,0.0,0.0,7,0.92,0.0,0.0,0.0
ST015,SKU0019,0.0,0.0,7,0.9,0.0,0.0,0.0
ST015,SKU0020,0.0,0.0,7,0.92,0.0,0.0,0.0
ST015,SKU0021,0.0,0.0,7,0.92,0.0,0.0,0.0
ST015,SKU0022,0.0,0.0,7,0.92,0.0,0.0,0.0
ST015,SKU0023,0.0,0.0,7,0.92,0.0,0.0,0.0
ST015,SKU0024,0.0,0.0,7,0.92,0.0,0.0,0.0
ST015,SKU0025,0.0,0.0,7,0.92,0.0,0.0,0.0
ST015,SKU0026,0.0,0.0,7,0.92,0.0,0.0,0.0
ST015,SKU0027,0.0,0.0,7,0.92,0.0,0.0,0.0
ST015,SKU0028,0.0,0.0,7,0.92,0.0,0.0,0.0
ST015,SKU0029,0.0,0.0,7,0.92,0.0,0.0,0.0
ST015,SKU0030,0.0,0.0,7,0.92,0.0,0.0,0.0
ST015,SKU0031,0.0,0.0,7,0.92,0.0,0.0,0.0
ST015,SKU0032,0.0,0.0,7,0.92,0.0,0.0,0.0
ST015,SKU0033,0.0,0.0,7,0.9,0.0,0.0,0.0
ST015,SKU0034,0.0,0.0,7,0.92,0.0,0.0,0.0
ST015,SKU0035,0.0,0.0,7,0.92,0.0,0.0,0.0
ST015,SKU0036,0.0,0.0,7,0.9,0.0,0.0,0.0
ST015,SKU0037,0.0,0.0,7,0.92,0.0,0.0,0.0
ST015,SKU0038,0.0,0.0,7,0.9,0.0,0.0,0.0
ST015,SKU0039,0.0,0.0,7,0.92,0.0,0.0,0.0
ST015,SKU0040,0.0,0.0,7,0.92,0.0,0.0,0.0
ST015,SKU0041,0.0,0.0,7,0.92,0.0,0.0,0.0
ST015,SKU0042,0.0,0.0,7,0.92,0.0,0.0,0.0
ST015,SKU0043,0.0,0.0,7,0.92,0.0,0.0,0.0
ST015,SKU0044,0.0,0.0,7,0.9,0.0,0.0,0.0
ST015,SKU0045,0.0,0.0,7,0.92,0.0,0.0,0.0
ST015,SKU0046,0.0,0.0,7,0.92,0.0,0.0,0.0
ST015,SKU0047,0.0,0.0,7,0.92,0.0,0.0,0.0
ST015,SKU0048,0.0,0.0,7,0.9,0.0,0.0,0.0
ST015,SKU0049,0.0,0.0,7,0.92,0.0,0.0,0.0
ST015,SKU0050,0.0,0.0,7,0.92,0.0,0.0,0.0
ST015,SKU0051,0.0,0.0,7,0.9,0.0,0.0,0.0
ST015,SKU0052,0.0,0.0,7,0.92,0.0,0.0,0.0
ST015,SKU0053,0.0,0.0,7,0.92,0.0,0.0,0.0
ST015,SKU0054,0.0,0.0,7,0.92,0.0,0.0,0.0
ST015,SKU0055,0.0,0.0,7,0.9,0.0,0.0,0.0
ST015,SKU0056,0.0,0.0,7,0.92,0.0,0.0,0.0
ST015,SKU0057,0.0,0.0,7,0.92,0.0,0.0,0.0
ST015,SKU0058,0.0,0.0,7,0.92,0.0,0.0,0.0
ST015,SKU0059,0.0,0.0,7,0.92,0.0,0.0,0.0
ST015,SKU0060,0.0,0.0,7,0.9,0.0,0.0,0.0
ST015,SKU0061,0.0,0.0,7,0.92,0.0,0.0,0.0
ST015,SKU0062,0.0,0.0,7,0.9,0.0,0.0,0.0
ST015,SKU0063,0.0,0.0,7,0.92,0.0,0.0,0.0
ST015,SKU0064,0.0,0.0,7,0.92,0.0,0.0,0.0
ST015,SKU0065,0.0,0.0,7,0.92,0.0,0.0,0.0
ST015,SKU0066,0.0,0.0,7,0.92,0.0,0.0,0.0
ST015,SKU0067,0.0,0.0,7,0.92,0.0,0.0,0.0
ST015,SKU0068,0.0,0.0,7,0.92,0.0,0.0,0.0
ST015,SKU0069,0.0,0.0,7,0.9,0.0,0.0,0.0
ST015,SKU0070,0.0,0.0,7,0.92,0.0,0.0,0.0
ST015,SKU0071,0.0,0.0,7,0.9,0.0,0.0,0.0
ST015,SKU0072,0.0,0.0,7,0.92,0.0,0.0,0.0
ST015,SKU0073,0.0,0.0,7,0.92,0.0,0.0,0.0
ST015,SKU0074,0.0,0.0,7,0.9,0.0,0.0,0.0
ST015,SKU0075,0.0,0.0,7,0.92,0.0,0.0,0.0
ST015,SKU0076,0.0,0.0,7,0.92,0.0,0.0,0.0
ST015,SKU0077,0.0,0.0,7,0.9,0.0,0.0,0.0
ST015,SKU0078,0.0,0.0,7,0.92,0.0,0.0,0.0
ST015,SKU0079,0.0,0.0,7,0.92,0.0,0.0,0.0
ST015,SKU0080,0.0,0.0,7,0.92,0.0,0.0,0.0
ST015,SKU0081,0.0,0.0,7,0.92,0.0,0.0,0.0
ST015,SKU0082,0.0,0.0,7,0.9,0.0,0.0,0.0
ST015,SKU0083,0.0,0.0,7,0.92,0.0,0.0,0.0
ST015,SKU0084,0.0,0.0,7,0.92,0.0,0.0,0.0
ST015,SKU0085,0.0,0.0,7,0.9,0.0,0.0,0.0
ST015,SKU0086,0.0,0.0,7,0.92,0.0,0.0,0.0
ST015,SKU0087,0.0,0.0,7,0.92,0.0,0.0,0.0
ST015,SKU0088,0.0,0.0,7,0.92,0.0,0.0,0.0
ST015,SKU0089,0.0,0.0,7,0.92,0.0,0.0,0.0
ST015,SKU0090,0.0,0.0,7,0.92,0.0,0.0,0.0
ST016,SKU0001,0.0,0.0,7,0.92,0.0,0.0,0.0
ST016,SKU0002,0.0,0.0,7,0.92,0.0,0.0,0.0
ST016,SKU0003,0.0,0.0,7,0.92,0.0,0.0,0.0
ST016,SKU0004,0.0,0.0,7,0.92,0.0,0.0,0.0
ST016,SKU0005,0.0,0.0,7,0.92,0.0,0.0,0.0
ST016,SKU0006,0.0,0.0,7,0.92,0.0,0.0,0.0
ST016,SKU0007,0.0,0.0,7,0.92,0.0,0.0,0.0
ST016,SKU0008,0.0,0.0,7,0.92,0.0,0.0,0.0
ST016,SKU0009,0.0,0.0,7,0.92,0.0,0.0,0.0
ST016,SKU0010,0.0,0.0,7,0.92,0.0,0.0,0.0
ST016,SKU0011,0.0,0.0,7,0.92,0.0,0.0,0.0
ST016,SKU0012,0.0,0.0,7,0.92,0.0,0.0,0.0
ST016,SKU0013,0.0,0.0,7,0.92,0.0,0.0,0.0
ST016,SKU0014,0.0,0.0,7,0.92,0.0,0.0,0.0
ST016,SKU0015,0.0,0.0,7,0.92,0.0,0.0,0.0
ST016,SKU0016,0.0,0.0,7,0.92,0.0,0.0,0.0
ST016,SKU0017,0.0,0.0,7,0.92,0.0,0.0,0.0
ST016,SKU0018,0.0,0.0,7,0.92,0.0,0.0,0.0
ST016,SKU0019,0.0,0.0,7,0.9,0.0,0.0,0.0
ST016,SKU0020,0.0,0.0,7,0.92,0.0,0.0,0.0
ST016,SKU0021,0.0,0.0,7,0.92,0.0,0.0,0.0
ST016,SKU0022,0.0,0.0,7,0.92,0.0,0.0,0.0
ST016,SKU0023,0.0,0.0,7,0.92,0.0,0.0,0.0
ST016,SKU0024,0.0,0.0,7,0.92,0.0,0.0,0.0
ST016,SKU0025,0.0,0.0,7,0.92,0.0,0.0,0.0
ST016,SKU0026,0.0,0.0,7,0.92,0.0,0.0,0.0
ST016,SKU0027,0.0,0.0,7,0.92,0.0,0.0,0.0
ST016,SKU0028,0.0,0.0,7,0.92,0.0,0.0,0.0
ST016,SKU0029,0.0,0.0,7,0.92,0.0,0.0,0.0
ST016,SKU0030,0.0,0.0,7,0.92,0.0,0.0,0.0
ST016,SKU0031,0.0,0.0,7,0.92,0.0,0.0,0.0
ST016,SKU0032,0.0,0.0,7,0.92,0.0,0.0,0.0
ST016,SKU0033,0.0,0.0,7,0.9,0.0,0.0,0.0
ST016,SKU0034,0.0,0.0,7,0.92,0.0,0.0,0.0
ST016,SKU0035,0.0,0.0,7,0.92,0.0,0.0,0.0
ST016,SKU0036,0.0,0.0,7,0.9,0.0,0.0,0.0
ST016,SKU0037,0.0,0.0,7,0.92,0.0,0.0,0.0
ST016,SKU0038,0.0,0.0,7,0.9,0.0,0.0,0.0
ST016,SKU0039,0.0,0.0,7,0.92,0.0,0.0,0.0
ST016,SKU0040,0.0,0.0,7,0.92,0.0,0.0,0.0
ST016,SKU0041,0.0,0.0,7,0.92,0.0,0.0,0.0
ST016,SKU0042,0.0,0.0,7,0.92,0.0,0.0,0.0
ST016,SKU0043,0.0,0.0,7,0.92,0.0,0.0,0.0
ST016,SKU0044,0.0,0.0,7,0.9,0.0,0.0,0.0
ST016,SKU0045,0.0,0.0,7,0.92,0.0,0.0,0.0
ST016,SKU0046,0.0,0.0,7,0.92,0.0,0.0,0.0
ST016,SKU0047,0.0,0.0,7,0.92,0.0,0.0,0.0
ST016,SKU0048,0.0,0.0,7,0.9,0.0,0.0,0.0
ST016,SKU0049,0.0,0.0,7,0.92,0.0,0.0,0.0
ST016,SKU0050,0.0,0.0,7,0.92,0.0,0.0,0.0
ST016,SKU0051,0.0,0.0,7,0.9,0.0,0.0,0.0
ST016,SKU0052,0.0,0.0,7,0.92,0.0,0.0,0.0
ST016,SKU0053,0.0,0.0,7,0.92,0.0,0.0,0.0
ST016,SKU0054,0.0,0.0,7,0.92,0.0,0.0,0.0
ST016,SKU0055,0.0,0.0,7,0.9,0.0,0.0,0.0
ST016,SKU0056,0.0,0.0,7,0.92,0.0,0.0,0.0
ST016,SKU0057,0.0,0.0,7,0.92,0.0,0.0,0.0
ST016,SKU0058,0.0,0.0,7,0.92,0.0,0.0,0.0
ST016,SKU0059,0.0,0.0,7,0.92,0.0,0.0,0.0
ST016,SKU0060,0.0,0.0,7,0.9,0.0,0.0,0.0
ST016,SKU0061,0.0,0.0,7,0.92,0.0,0.0,0.0
ST016,SKU0062,0.0,0.0,7,0.9,0.0,0.0,0.0
ST016,SKU0063,0.0,0.0,7,0.92,0.0,0.0,0.0
ST016,SKU0064,0.0,0.0,7,0.92,0.0,0.0,0.0
ST016,SKU0065,0.0,0.0,7,0.92,0.0,0.0,0.0
ST016,SKU0066,0.0,0.0,7,0.92,0.0,0.0,0.0
ST016,SKU0067,0.0,0.0,7,0.92,0.0,0.0,0.0
ST016,SKU0068,0.0,0.0,7,0.92,0.0,0.0,0.0
ST016,SKU0069,0.0,0.0,7,0.9,0.0,0.0,0.0
ST016,SKU0070,0.0,0.0,7,0.92,0.0,0.0,0.0
ST016,SKU0071,0.0,0.0,7,0.9,0.0,0.0,0.0
ST016,SKU0072,0.0,0.0,7,0.92,0.0,0.0,0.0
ST016,SKU0073,0.0,0.0,7,0.92,0.0,0.0,0.0
ST016,SKU0074,0.0,0.0,7,0.9,0.0,0.0,0.0
ST016,SKU0075,0.0,0.0,7,0.92,0.0,0.0,0.0
ST016,SKU0076,0.0,0.0,7,0.92,0.0,0.0,0.0
ST016,SKU0077,0.0,0.0,7,0.9,0.0,0.0,0.0
ST016,SKU0078,0.0,0.0,7,0.92,0.0,0.0,0.0
ST016,SKU0079,0.0,0.0,7,0.92,0.0,0.0,0.0
ST016,SKU0080,0.0,0.0,7,0.92,0.0,0.0,0.0
ST016,SKU0081,0.0,0.0,7,0.92,0.0,0.0,0.0
ST016,SKU0082,0.0,0.0,7,0.9,0.0,0.0,0.0
ST016,SKU0083,0.0,0.0,7,0.92,0.0,0.0,0.0
ST016,SKU0084,0.0,0.0,7,0.92,0.0,0.0,0.0
ST016,SKU0085,0.0,0.0,7,0.9,0.0,0.0,0.0
ST016,SKU0086,2.793103448275862,2.2579907368028955,7,0.92,8.423455552697826,27.975179690628863,28.0
ST016,SKU0087,0.0,0.0,7,0.92,0.0,0.0,0.0
ST016,SKU0088,0.0,0.0,7,0.92,0.0,0.0,0.0
ST016,SKU0089,0.0,0.0,7,0.92,0.0,0.0,0.0
ST016,SKU0090,0.0,0.0,7,0.92,0.0,0.0,0.0
ST017,SKU0001,0.0,0.0,7,0.92,0.0,0.0,0.0
ST017,SKU0002,0.0,0.0,7,0.92,0.0,0.0,0.0
ST017,SKU0003,0.0,0.0,7,0.92,0.0,0.0,0.0
ST017,SKU0004,0.0,0.0,7,0.92,0.0,0.0,0.0
ST017,SKU0005,0.0,0.0,7,0.92,0.0,0.0,0.0
ST017,SKU0006,0.0,0.0,7,0.92,0.0,0.0,0.0
ST017,SKU0007,0.0,0.0,7,0.92,0.0,0.0,0.0
ST017,SKU0008,0.0,0.0,7,0.92,0.0,0.0,0.0
ST017,SKU0009,0.0,0.0,7,0.92,0.0,0.0,0.0
ST017,SKU0010,0.0,0.0,7,0.92,0.0,0.0,0.0
ST017,SKU0011,0.0,0.0,7,0.92,0.0,0.0,0.0
ST017,SKU0012,0.0,0.0,7,0.92,0.0,0.0,0.0
ST017,SKU0013,0.0,0.0,7,0.92,0.0,0.0,0.0
ST017,SKU0014,0.0,0.0,7,0.92,0.0,0.0,0.0
ST017,SKU0015,0.0,0.0,7,0.92,0.0,0.0,0.0
ST017,SKU0016,0.0,0.0,7,0.92,0.0,0.0,0.0
ST017,SKU0017,0.0,0.0,7,0.92,0.0,0.0,0.0
ST017,SKU0018,0.0,0.0,7,0.92,0.0,0.0,0.0
ST017,SKU0019,0.0,0.0,7,0.9,0.0,0.0,0.0
ST017,SKU0020,0.0,0.0,7,0.92,0.0,0.0,0.0
ST017,SKU0021,0.0,0.0,7,0.92,0.0,0.0,0.0
ST017,SKU0022,0.0,0.0,7,0.92,0.0,0.0,0.0
ST017,SKU0023,0.0,0.0,7,0.92,0.0,0.0,0.0
ST017,SKU0024,0.0,0.0,7,0.92,0.0,0.0,0.0
ST017,SKU0025,0.0,0.0,7,0.92,0.0,0.0,0.0
ST017,SKU0026,0.0,0.0,7,0.92,0.0,0.0,0.0
ST017,SKU0027,0.0,0.0,7,0.92,0.0,0.0,0.0
ST017,SKU0028,0.6206896551724138,1.5448946589943158,7,0.92,5.763243967982161,10.108071554189058,10.0
ST017,SKU0029,0.0,0.0,7,0.92,0.0,0.0,0.0
ST017,SKU0030,0.0,0.0,7,0.92,0.0,0.0,0.0
ST017,SKU0031,0.0,0.0,7,0.92,0.0,0.0,0.0
ST017,SKU0032,0.0,0.0,7,0.92,0.0,0.0,0.0
ST017,SKU0033,0.0,0.0,7,0.9,0.0,0.0,0.0
ST017,SKU0034,0.0,0.0,7,0.92,0.0,0.0,0.0
ST017,SKU0035,0.0,0.0,7,0.92,0.0,0.0,0.0
ST017,SKU0036,0.0,0.0,7,0.9,0.0,0.0,0.0
ST017,SKU0037,0.0,0.0,7,0.92,0.0,0.0,0.0
ST017,SKU0038,0.0,0.0,7,0.9,0.0,0.0,0.0
ST017,SKU0039,0.0,0.0,7,0.92,0.0,0.0,0.0
ST017,SKU0040,0.0,0.0,7,0.92,0.0,0.0,0.0
ST017,SKU0041,0.0,0.0,7,0.92,0.0,0.0,0.0
ST017,SKU0042,0.0,0.0,7,0.92,0.0,0.0,0.0
ST017,SKU0043,0.0,0.0,7,0.92,0.0,0.0,0.0
ST017,SKU0044,0.0,0.0,7,0.9,0.0,0.0,0.0
ST017,SKU0045,0.0,0.0,7,0.92,0.0,0.0,0.0
ST017,SKU0046,0.0,0.0,7,0.92,0.0,0.0,0.0
ST017,SKU0047,0.0,0.0,7,0.92,0.0,0.0,0.0
ST017,SKU0048,0.0,0.0,7,0.9,0.0,0.0,0.0
ST017,SKU0049,0.0,0.0,7,0.92,0.0,0.0,0.0
ST017,SKU0050,0.0,0.0,7,0.92,0.0,0.0,0.0
ST017,SKU0051,0.0,0.0,7,0.9,0.0,0.0,0.0
ST017,SKU0052,0.0,0.0,7,0.92,0.0,0.0,0.0
ST017,SKU0053,0.0,0.0,7,0.92,0.0,0.0,0.0
ST017,SKU0054,0.0,0.0,7,0.92,0.0,0.0,0.0
ST017,SKU0055,0.0,0.0,7,0.9,0.0,0.0,0.0
ST017,SKU0056,0.6206896551724138,1.4246250911191707,7,0.92,5.314577220671722,9.65940480687862,10.0
ST017,SKU0057,0.0,0.0,7,0.92,0.0,0.0,0.0
ST017,SKU0058,0.0,0.0,7,0.92,0.0,0.0,0.0
ST017,SKU0059,0.0,0.0,7,0.92,0.0,0.0,0.0
ST017,SKU0060,0.0,0.0,7,0.9,0.0,0.0,0.0
ST017,SKU0061,0.0,0.0,7,0.92,0.0,0.0,0.0
ST017,SKU0062,0.0,0.0,7,0.9,0.0,0.0,0.0
ST017,SKU0063,0.0,0.0,7,0.92,0.0,0.0,0.0
ST017,SKU0064,0.0,0.0,7,0.92,0.0,0.0,0.0
ST017,SKU0065,0.0,0.0,7,0.92,0.0,0.0,0.0
ST017,SKU0066,0.0,0.0,7,0.92,0.0,0.0,0.0
ST017,SKU0067,0.0,0.0,7,0.92,0.0,0.0,0.0
ST017,SKU0068,0.0,0.0,7,0.92,0.0,0.0,0.0
ST017,SKU0069,0.0,0.0,7,0.9,0.0,0.0,0.0
ST017,SKU0070,0.0,0.0,7,0.92,0.0,0.0,0.0
ST017,SKU0071,0.0,0.0,7,0.9,0.0,0.0,0.0
ST017,SKU0072,0.0,0.0,7,0.92,0.0,0.0,0.0
ST017,SKU0073,0.0,0.0,7,0.92,0.0,0.0,0.0
ST017,SKU0074,0.0,0.0,7,0.9,0.0,0.0,0.0
ST017,SKU0075,0.0,0.0,7,0.92,0.0,0.0,0.0
ST017,SKU0076,0.0,0.0,7,0.92,0.0,0.0,0.0
ST017,SKU0077,0.0,0.0,7,0.9,0.0,0.0,0.0
ST017,SKU0078,0.0,0.0,7,0.92,0.0,0.0,0.0
ST017,SKU0079,0.0,0.0,7,0.92,0.0,0.0,0.0
ST017,SKU0080,0.0,0.0,7,0.92,0.0,0.0,0.0
ST017,SKU0081,0.0,0.0,7,0.92,0.0,0.0,0.0
ST017,SKU0082,0.0,0.0,7,0.9,0.0,0.0,0.0
ST017,SKU0083,0.0,0.0,7,0.92,0.0,0.0,0.0
ST017,SKU0084,0.0,0.0,7,0.92,0.0,0.0,0.0
ST017,SKU0085,0.0,0.0,7,0.9,0.0,0.0,0.0
ST017,SKU0086,0.0,0.0,7,0.92,0.0,0.0,0.0
ST017,SKU0087,0.0,0.0,7,0.92,0.0,0.0,0.0
ST017,SKU0088,0.0,0.0,7,0.92,0.0,0.0,0.0
ST017,SKU0089,0.0,0.0,7,0.92,0.0,0.0,0.0
ST017,SKU0090,0.0,0.0,7,0.92,0.0,0.0,0.0
ST018,SKU0001,0.0,0.0,7,0.92,0.0,0.0,0.0
ST018,SKU0002,0.0,0.0,7,0.92,0.0,0.0,0.0
ST018,SKU0003,0.0,0.0,7,0.92,0.0,0.0,0.0
ST018,SKU0004,0.0,0.0,7,0.92,0.0,0.0,0.0
ST018,SKU0005,0.0,0.0,7,0.92,0.0,0.0,0.0
ST018,SKU0006,0.0,0.0,7,0.92,0.0,0.0,0.0
ST018,SKU0007,0.0,0.0,7,0.92,0.0,0.0,0.0
ST018,SKU0008,0.0,0.0,7,0.92,0.0,0.0,0.0
ST018,SKU0009,0.8275862068965517,1.5599671589318194,7,0.92,5.819472069905808,11.61257551818167,12.0
ST018,SKU0010,0.0,0.0,7,0.92,0.0,0.0,0.0
ST018,SKU0011,0.0,0.0,7,0.92,0.0,0.0,0.0
ST018,SKU0012,0.0,0.0,7,0.92,0.0,0.0,0.0
ST018,SKU0013,0.0,0.0,7,0.92,0.0,0.0,0.0
ST018,SKU0014,0.0,0.0,7,0.92,0.0,0.0,0.0
ST018,SKU0015,0.0,0.0,7,0.92,0.0,0.0,0.0
ST018,SKU0016,0.0,0.0,7,0.92,0.0,0.0,0.0
ST018,SKU0017,0.0,0.0,7,0.92,0.0,0.0,0.0
ST018,SKU0018,0.0,0.0,7,0.92,0.0,0.0,0.0
ST018,SKU0019,0.0,0.0,7,0.9,0.0,0.0,0.0
ST018,SKU0020,0.0,0.0,7,0.92,0.0,0.0,0.0
ST018,SKU0021,0.0,0.0,7,0.92,0.0,0.0,0.0
ST018,SKU0022,0.0,0.0,7,0.92,0.0,0.0,0.0
ST018,SKU0023,0.0,0.0,7,0.92,0.0,0.0,0.0
ST018,SKU0024,0.0,0.0,7,0.92,0.0,0.0,0.0
ST018,SKU0025,0.0,0.0,7,0.92,0.0,0.0,0.0
ST018,SKU0026,0.0,0.0,7,0.92,0.0,0.0,0.0
ST018,SKU0027,0.0,0.0,7,0.92,0.0,0.0,0.0
ST018,SKU0028,0.0,0.0,7,0.92,0.0,0.0,0.0
ST018,SKU0029,0.0,0.0,7,0.92,0.0,0.0,0.0
ST018,SKU0030,0.0,0.0,7,0.92,0.0,0.0,0.0
ST018,SKU0031,0.0,0.0,7,0.92,0.0,0.0,0.0
ST018,SKU0032,0.0,0.0,7,0.92,0.0,0.0,0.0
ST018,SKU0033,0.0,0.0,7,0.9,0.0,0.0,0.0
ST018,SKU0034,0.0,0.0,7,0.92,0.0,0.0,0.0
ST018,SKU0035,0.0,0.0,7,0.92,0.0,0.0,0.0
ST018,SKU0036,0.0,0.0,7,0.9,0.0,0.0,0.0
ST018,SKU0037,0.0,0.0,7,0.92,0.0,0.0,0.0
ST018,SKU0038,0.0,0.0,7,0.9,0.0,0.0,0.0
ST018,SKU0039,0.0,0.0,7,0.92,0.0,0.0,0.0
ST018,SKU0040,0.0,0.0,7,0.92,0.0,0.0,0.0
ST018,SKU0041,0.0,0.0,7,0.92,0.0,0.0,0.0
ST018,SKU0042,0.0,0.0,7,0.92,0.0,0.0,0.0
ST018,SKU0043,0.0,0.0,7,0.92,0.0,0.0,0.0
ST018,SKU0044,0.0,0.0,7,0.9,0.0,0.0,0.0
ST018,SKU0045,0.0,0.0,7,0.92,0.0,0.0,0.0
ST018,SKU0046,0.0,0.0,7,0.92,0.0,0.0,0.0
ST018,SKU0047,0.0,0.0,7,0.92,0.0,0.0,0.0
ST018,SKU0048,0.0,0.0,7,0.9,0.0,0.0,0.0
ST018,SKU0049,0.0,0.0,7,0.92,0.0,0.0,0.0
ST018,SKU0050,0.0,0.0,7,0.92,0.0,0.0,0.0
ST018,SKU0051,0.0,0.0,7,0.9,0.0,0.0,0.0
ST018,SKU0052,0.0,0.0,7,0.92,0.0,0.0,0.0
ST018,SKU0053,0.0,0.0,7,0.92,0.0,0.0,0.0
ST018,SKU0054,0.0,0.0,7,0.92,0.0,0.0,0.0
ST018,SKU0055,0.0,0.0,7,0.9,0.0,0.0,0.0
ST018,SKU0056,0.0,0.0,7,0.92,0.0,0.0,0.0
ST018,SKU0057,0.0,0.0,7,0.92,0.0,0.0,0.0
ST018,SKU0058,0.0,0.0,7,0.92,0.0,0.0,0.0
ST018,SKU0059,0.0,0.0,7,0.92,0.0,0.0,0.0
ST018,SKU0060,0.0,0.0,7,0.9,0.0,0.0,0.0
ST018,SKU0061,0.0,0.0,7,0.92,0.0,0.0,0.0
ST018,SKU0062,0.0,0.0,7,0.9,0.0,0.0,0.0
ST018,SKU0063,0.0,0.0,7,0.92,0.0,0.0,0.0
ST018,SKU0064,0.0,0.0,7,0.92,0.0,0.0,0.0
ST018,SKU0065,0.0,0.0,7,0.92,0.0,0.0,0.0
ST018,SKU0066,0.0,0.0,7,0.92,0.0,0.0,0.0
ST018,SKU0067,0.0,0.0,7,0.92,0.0,0.0,0.0
ST018,SKU0068,0.0,0.0,7,0.92,0.0,0.0,0.0
ST018,SKU0069,0.0,0.0,7,0.9,0.0,0.0,0.0
ST018,SKU0070,0.0,0.0,7,0.92,0.0,0.0,0.0
ST018,SKU0071,0.0,0.0,7,0.9,0.0,0.0,0.0
ST018,SKU0072,0.0,0.0,7,0.92,0.0,0.0,0.0
ST018,SKU0073,0.3793103448275862,1.8596042801676205,7,0.92,6.937271151863877,9.59244356565698,10.0
ST018,SKU0074,0.0,0.0,7,0.9,0.0,0.0,0.0
ST018,SKU0075,0.0,0.0,7,0.92,0.0,0.0,0.0
ST018,SKU0076,0.0,0.0,7,0.92,0.0,0.0,0.0
ST018,SKU0077,0.0,0.0,7,0.9,0.0,0.0,0.0
ST018,SKU0078,0.0,0.0,7,0.92,0.0,0.0,0.0
ST018,SKU0079,0.0,0.0,7,0.92,0.0,0.0,0.0
ST018,SKU0080,0.0,0.0,7,0.92,0.0,0.0,0.0
ST018,SKU0081,0.0,0.0,7,0.92,0.0,0.0,0.0
ST018,SKU0082,0.0,0.0,7,0.9,0.0,0.0,0.0
ST018,SKU0083,0.0,0.0,7,0.92,0.0,0.0,0.0
ST018,SKU0084,0.0,0.0,7,0.92,0.0,0.0,0.0
ST018,SKU0085,0.0,0.0,7,0.9,0.0,0.0,0.0
ST018,SKU0086,0.0,0.0,7,0.92,0.0,0.0,0.0
ST018,SKU0087,0.0,0.0,7,0.92,0.0,0.0,0.0
ST018,SKU0088,0.0,0.0,7,0.92,0.0,0.0,0.0
ST018,SKU0089,0.0,0.0,7,0.92,0.0,0.0,0.0
ST018,SKU0090,0.0,0.0,7,0.92,0.0,0.0,0.0
