date,day_of_week,is_weekend,promo_flag,holiday_flag
04-07-2025,4,0,0,0
05-07-2025,5,1,1,0
06-07-2025,6,1,1,0
07-07-2025,0,0,0,0
08-07-2025,1,0,0,0
09-07-2025,2,0,0,0
10-07-2025,3,0,0,0
11-07-2025,4,0,0,1
12-07-2025,5,1,1,0
13-07-2025,6,1,1,0
14-07-2025,0,0,0,0
15-07-2025,1,0,0,0
16-07-2025,2,0,0,0
17-07-2025,3,0,0,0
18-07-2025,4,0,0,0
19-07-2025,5,1,1,0
20-07-2025,6,1,1,0
21-07-2025,0,0,0,0
22-07-2025,1,0,0,0
23-07-2025,2,0,0,0
24-07-2025,3,0,0,0
25-07-2025,4,0,0,0
26-07-2025,5,1,1,0
27-07-2025,6,1,1,0
28-07-2025,0,0,0,0
29-07-2025,1,0,0,0
30-07-2025,2,0,0,0
31-07-2025,3,0,0,0
01-08-2025,4,0,0,0
02-08-2025,5,1,1,0
03-08-2025,6,1,1,0
04-08-2025,0,0,0,0
05-08-2025,1,0,0,0
06-08-2025,2,0,0,0
07-08-2025,3,0,0,0
08-08-2025,4,0,0,0
09-08-2025,5,1,1,0
10-08-2025,6,1,1,0
11-08-2025,0,0,0,0
12-08-2025,1,0,0,0
13-08-2025,2,0,0,0
14-08-2025,3,0,0,0
15-08-2025,4,0,0,1
16-08-2025,5,1,1,0
17-08-2025,6,1,1,0
18-08-2025,0,0,0,0
19-08-2025,1,0,0,0
20-08-2025,2,0,0,0
21-08-2025,3,0,0,0
22-08-2025,4,0,0,0
23-08-2025,5,1,1,0
24-08-2025,6,1,1,0
25-08-2025,0,0,0,0
26-08-2025,1,0,0,0
27-08-2025,2,0,0,0
28-08-2025,3,0,0,0
29-08-2025,4,0,0,0
30-08-2025,5,1,1,0
31-08-2025,6,1,1,0
01-09-2025,0,0,0,0
02-09-2025,1,0,0,0
03-09-2025,2,0,0,0
04-09-2025,3,0,0,0
05-09-2025,4,0,0,0
06-09-2025,5,1,1,0
07-09-2025,6,1,1,0
08-09-2025,0,0,0,0
09-09-2025,1,0,0,0
10-09-2025,2,0,0,0
11-09-2025,3,0,0,0
12-09-2025,4,0,0,0
13-09-2025,5,1,1,0
14-09-2025,6,1,1,0
15-09-2025,0,0,0,0
16-09-2025,1,0,0,0
17-09-2025,2,0,0,0
18-09-2025,3,0,0,0
19-09-2025,4,0,0,0
20-09-2025,5,1,1,0
21-09-2025,6,1,1,1
22-09-2025,0,0,0,0
23-09-2025,1,0,0,0
24-09-2025,2,0,0,0
25-09-2025,3,0,0,0
26-09-2025,4,0,0,0
27-09-2025,5,1,1,0
28-09-2025,6,1,1,0
29-09-2025,0,0,0,0
30-09-2025,1,0,0,0
01-10-2025,2,0,0,0
02-10-2025,3,0,0,1
03-10-2025,4,0,0,0
04-10-2025,5,1,1,0
05-10-2025,6,1,1,0
06-10-2025,0,0,0,0
07-10-2025,1,0,0,0
08-10-2025,2,0,0,0
09-10-2025,3,0,0,0
10-10-2025,4,0,0,0
11-10-2025,5,1,1,0
12-10-2025,6,1,1,0
13-10-2025,0,0,0,0
14-10-2025,1,0,0,0
15-10-2025,2,0,0,0
16-10-2025,3,0,0,0
17-10-2025,4,0,0,0
18-10-2025,5,1,1,0
19-10-2025,6,1,1,0
20-10-2025,0,0,0,0
21-10-2025,1,0,0,0
22-10-2025,2,0,0,0
23-10-2025,3,0,0,0
24-10-2025,4,0,0,0
25-10-2025,5,1,1,0
26-10-2025,6,1,1,0
27-10-2025,0,0,0,0
28-10-2025,1,0,0,0
29-10-2025,2,0,0,0
30-10-2025,3,0,0,0
31-10-2025,4,0,0,0
01-11-2025,5,1,1,0
02-11-2025,6,1,1,0
03-11-2025,0,0,0,0
04-11-2025,1,0,0,0
05-11-2025,2,0,0,0
06-11-2025,3,0,0,0
07-11-2025,4,0,0,0
08-11-2025,5,1,1,0
09-11-2025,6,1,1,0
10-11-2025,0,0,0,0
11-11-2025,1,0,0,0
12-11-2025,2,0,0,0
13-11-2025,3,0,0,0
14-11-2025,4,0,0,0
15-11-2025,5,1,1,0
16-11-2025,6,1,1,0
17-11-2025,0,0,0,0
18-11-2025,1,0,0,0
19-11-2025,2,0,0,0
20-11-2025,3,0,0,0
21-11-2025,4,0,0,0
22-11-2025,5,1,1,0
23-11-2025,6,1,1,1
24-11-2025,0,0,0,0
25-11-2025,1,0,0,0
26-11-2025,2,0,0,0
27-11-2025,3,0,0,0
28-11-2025,4,0,0,0
29-11-2025,5,1,1,0
30-11-2025,6,1,1,0
01-12-2025,0,0,0,0
02-12-2025,1,0,0,0
03-12-2025,2,0,0,0
04-12-2025,3,0,0,0
05-12-2025,4,0,0,0
06-12-2025,5,1,1,0
07-12-2025,6,1,1,0
08-12-2025,0,0,0,0
09-12-2025,1,0,0,0
10-12-2025,2,0,0,0
11-12-2025,3,0,0,0
12-12-2025,4,0,0,0
13-12-2025,5,1,1,0
14-12-2025,6,1,1,0
15-12-2025,0,0,0,0
16-12-2025,1,0,0,0
17-12-2025,2,0,0,0
18-12-2025,3,0,0,0
19-12-2025,4,0,0,0
20-12-2025,5,1,0,0
21-12-2025,6,1,0,0
22-12-2025,0,0,0,0
23-12-2025,1,0,0,0
24-12-2025,2,0,0,0
25-12-2025,3,0,0,1
26-12-2025,4,0,1,0
27-12-2025,5,1,1,0
28-12-2025,6,1,1,1
29-12-2025,0,0,1,0
30-12-2025,1,0,1,0
31-12-2025,2,0,1,0
01-01-2026,3,0,1,0
02-01-2026,4,0,0,0
03-01-2026,5,1,0,0
04-01-2026,6,1,0,0
05-01-2026,0,0,0,0
06-01-2026,1,0,0,0
07-01-2026,2,0,0,0
08-01-2026,3,0,0,0
09-01-2026,4,0,0,0
10-01-2026,5,1,0,0
11-01-2026,6,1,0,0
12-01-2026,0,0,0,0
13-01-2026,1,0,0,0
14-01-2026,2,0,0,0
15-01-2026,3,0,0,0
16-01-2026,4,0,0,0
17-01-2026,5,1,0,0
18-01-2026,6,1,0,0
19-01-2026,0,0,0,0
20-01-2026,1,0,0,0
21-01-2026,2,0,0,0
22-01-2026,3,0,0,0
23-01-2026,4,0,0,0
24-01-2026,5,1,0,0
25-01-2026,6,1,0,0
26-01-2026,0,0,0,0
27-01-2026,1,0,0,0
28-01-2026,2,0,0,0
29-01-2026,3,0,0,0
30-01-2026,4,0,0,0
